Date,Year, Day ,DayWeek,Vehicles,Drivers,Trips, RevPerTrips ,TripsPerCar, IncomePerCar ,TripsPerDriver, IncomePerDriver , Distance , PaidDistance ,RevKM, ShiftIncome , ShiftTolls , Income-Tolls , OperatingCost , CostPerKm , YieldPerRevKm 
,,,,Number of vehicles in this day,Number of drivers,number of trips, total revenue/total trips ,total trips / total car, total incom/total car ,total trips/total driver, total incom/total driver , total km in this day , total paid KM , total paid KM/total KM , Total income in this day , road fees , total incom - road fees ,,,
1/1/2021,2021, 1 ,Fri," 4,996 "," 7,737 "," 120,745 ", 33 , 24 , 795 , 16 , 513 ," 2,878,696 "," 1,596,844 ",0.554710882983128," 4,135,264 "," 164,124 "," 3,971,139.88 "," 489,378.32 ", 0.17 , 0.38 
1/2/2021,2021, 2 ,Sat," 4,955 "," 7,621 "," 104,004 ", 33 , 21 , 683 , 14 , 444 ," 2,534,566 "," 1,360,274 ",0.536689121530076," 3,530,878 "," 145,320 "," 3,385,557.60 "," 430,876.22 ", 0.17 , 0.37 
1/3/2021,2021, 3 ,Sun," 4,949 "," 7,606 "," 105,960 ", 30 , 21 , 642 , 14 , 418 ," 2,418,782 "," 1,274,102 ",0.526753547860039," 3,334,281 "," 156,768 "," 3,177,513.04 "," 411,192.94 ", 0.17 , 0.36 
1/4/2021,2021, 4 ,Mon," 4,974 "," 7,628 "," 101,534 ", 30 , 20 , 617 , 13 , 402 ," 2,363,776 "," 1,223,709 ",0.51769245478421," 3,216,162 "," 149,404 "," 3,066,758.24 "," 401,841.92 ", 0.17 , 0.35 
1/5/2021,2021, 5 ,Tue," 4,962 "," 7,629 "," 100,834 ", 28 , 20 , 572 , 13 , 372 ," 2,231,463 "," 1,136,050 ",0.509105461304982," 2,975,061 "," 135,972 "," 2,839,089.32 "," 379,348.71 ", 0.17 , 0.34 
1/6/2021,2021, 6 ,Wed," 4,888 "," 7,543 "," 99,742 ", 29 , 20 , 586 , 13 , 380 ," 2,261,198 "," 1,147,014 ",0.507259426197971," 3,001,356 "," 136,748 "," 2,864,608.08 "," 384,403.66 ", 0.17 , 0.34 
1/7/2021,2021, 7 ,Thu," 4,746 "," 7,324 "," 103,209 ", 26 , 22 , 576 , 14 , 373 ," 2,148,542 "," 1,089,484 ",0.507080615598857," 2,863,651 "," 130,264 "," 2,733,387.02 "," 365,252.14 ", 0.17 , 0.34 
1/8/2021,2021, 8 ,Fri," 4,525 "," 7,088 "," 95,186 ", 30 , 21 , 634 , 13 , 405 ," 2,205,967 "," 1,149,860 ",0.521249864571864," 3,000,421 "," 131,872 "," 2,868,548.88 "," 375,014.39 ", 0.17 , 0.35 
1/9/2021,2021, 9 ,Sat," 4,469 "," 6,996 "," 90,611 ", 32 , 20 , 640 , 13 , 409 ," 2,268,099 "," 1,147,633 ",0.50598893610905," 2,983,989 "," 124,520 "," 2,859,468.75 "," 385,576.83 ", 0.17 , 0.34 
1/10/2021,2021, 10 ,Sun," 4,356 "," 6,880 "," 92,336 ", 29 , 21 , 612 , 13 , 387 ," 2,100,021 "," 1,059,743 ",0.504634477464749," 2,792,139 "," 127,720 "," 2,664,419.17 "," 357,003.57 ", 0.17 , 0.33 
1/11/2021,2021, 11 ,Mon," 4,286 "," 6,797 "," 88,438 ", 29 , 21 , 593 , 13 , 374 ," 2,016,524 "," 1,013,274 ",0.502485465087448," 2,661,666 "," 119,920 "," 2,541,746.35 "," 342,809.08 ", 0.17 , 0.33 
1/12/2021,2021, 12 ,Tue," 4,185 "," 6,765 "," 86,808 ", 27 , 21 , 566 , 13 , 350 ," 1,922,430 "," 950,186 ",0.49426299006986," 2,477,721 "," 109,172 "," 2,368,548.99 "," 326,813.10 ", 0.17 , 0.32 
1/13/2021,2021, 13 ,Wed," 4,150 "," 6,867 "," 87,456 ", 28 , 21 , 580 , 13 , 350 ," 1,937,516 "," 960,798 ",0.495891646830271," 2,515,112 "," 108,984 "," 2,406,128.01 "," 329,377.72 ", 0.17 , 0.33 
1/14/2021,2021, 14 ,Thu," 4,146 "," 7,001 "," 94,104 ", 25 , 23 , 571 , 13 , 338 ," 1,907,742 "," 944,552 ",0.495115167564587," 2,477,170 "," 109,556 "," 2,367,614.39 "," 324,316.14 ", 0.17 , 0.33 
1/15/2021,2021, 15 ,Fri," 4,124 "," 7,121 "," 88,928 ", 29 , 22 , 635 , 12 , 368 ," 2,080,488 "," 1,055,410 ",0.507289635893117," 2,734,506 "," 115,664 "," 2,618,841.94 "," 353,682.96 ", 0.17 , 0.34 
1/16/2021,2021, 16 ,Sat," 4,110 "," 7,143 "," 87,349 ", 30 , 21 , 636 , 12 , 366 ," 2,146,724 "," 1,056,780 ",0.492275672140434," 2,724,527 "," 109,644 "," 2,614,882.84 "," 364,943.08 ", 0.17 , 0.32 
1/17/2021,2021, 17 ,Sun," 4,117 "," 7,255 "," 90,934 ", 28 , 22 , 615 , 13 , 349 ," 2,054,047 "," 1,009,143 ",0.491294989842005," 2,649,547 "," 118,668 "," 2,530,879.03 "," 349,187.99 ", 0.17 , 0.32 
1/18/2021,2021, 18 ,Mon," 4,133 "," 7,317 "," 87,384 ", 28 , 21 , 595 , 12 , 336 ," 2,018,940 "," 986,827 ",0.488784708807592," 2,572,039 "," 113,948 "," 2,458,090.96 "," 343,219.80 ", 0.17 , 0.32 
1/19/2021,2021, 19 ,Tue," 4,136 "," 7,346 "," 86,503 ", 27 , 21 , 556 , 12 , 313 ," 1,929,839 "," 927,032 ",0.480367533250183," 2,403,134 "," 104,452 "," 2,298,682.31 "," 328,072.63 ", 0.17 , 0.31 
1/20/2021,2021, 20 ,Wed," 4,145 "," 7,420 "," 84,729 ", 30 , 20 , 609 , 11 , 340 ," 2,095,568 "," 1,015,989 ",0.484827502615043," 2,639,869 "," 116,200 "," 2,523,669.28 "," 356,246.56 ", 0.17 , 0.31 
1/21/2021,2021, 21 ,Thu," 4,150 "," 7,489 "," 91,846 ", 23 , 22 , 505 , 12 , 280 ," 1,725,981 "," 835,472 ",0.484056313482014," 2,192,863 "," 96,212 "," 2,096,651.12 "," 293,416.77 ", 0.17 , 0.31 
1/22/2021,2021, 22 ,Fri," 4,125 "," 7,479 "," 84,953 ", 29 , 21 , 606 , 11 , 334 ," 2,053,413 "," 1,006,568 ",0.490192669472727," 2,609,883 "," 111,852 "," 2,498,030.66 "," 349,080.21 ", 0.17 , 0.32 
1/23/2021,2021, 23 ,Sat," 4,125 "," 7,469 "," 83,560 ", 29 , 20 , 596 , 11 , 329 ," 2,091,701 "," 994,810 ",0.475598567864145," 2,558,915 "," 101,700 "," 2,457,215.22 "," 355,589.17 ", 0.17 , 0.31 
1/24/2021,2021, 24 ,Sun," 4,141 "," 7,474 "," 86,100 ", 27 , 21 , 571 , 12 , 316 ," 1,991,974 "," 945,260 ",0.474534306170663," 2,473,169 "," 110,492 "," 2,362,676.61 "," 338,635.58 ", 0.17 , 0.30 
1/25/2021,2021, 25 ,Mon," 4,145 "," 7,471 "," 84,276 ", 27 , 20 , 556 , 11 , 309 ," 1,953,089 "," 922,056 ",0.472101373772521," 2,409,552 "," 103,580 "," 2,305,971.89 "," 332,025.13 ", 0.17 , 0.30 
1/26/2021,2021, 26 ,Tue," 4,126 "," 7,431 "," 85,482 ", 26 , 21 , 545 , 12 , 302 ," 1,896,939 "," 897,348 ",0.473050530354429," 2,346,324 "," 99,428 "," 2,246,896.07 "," 322,479.63 ", 0.17 , 0.30 
1/27/2021,2021, 27 ,Wed," 4,136 "," 7,452 "," 87,781 ", 27 , 21 , 569 , 12 , 316 ," 1,982,266 "," 948,267 ",0.478375253371646," 2,457,245 "," 105,876 "," 2,351,369.31 "," 336,985.22 ", 0.17 , 0.31 
1/28/2021,2021, 28 ,Thu," 4,156 "," 7,490 "," 93,785 ", 25 , 23 , 563 , 13 , 313 ," 1,929,417 "," 936,214 ",0.485231549219272," 2,446,439 "," 105,608 "," 2,340,831.02 "," 328,000.89 ", 0.17 , 0.32 
1/29/2021,2021, 29 ,Fri," 4,156 "," 7,512 "," 90,171 ", 29 , 22 , 626 , 12 , 346 ," 2,116,839 "," 1,058,151 ",0.499873159933278," 2,710,885 "," 110,668 "," 2,600,216.61 "," 359,862.63 ", 0.17 , 0.33 
1/30/2021,2021, 30 ,Sat," 4,138 "," 7,488 "," 92,132 ", 28 , 22 , 622 , 12 , 344 ," 2,135,039 "," 1,044,062 ",0.489013081259874," 2,679,172 "," 106,272 "," 2,572,899.77 "," 362,956.63 ", 0.17 , 0.32 
1/31/2021,2021, 31 ,Sun," 4,134 "," 7,422 "," 93,477 ", 27 , 23 , 615 , 13 , 342 ," 2,069,127 "," 1,020,023 ",0.492972640152103," 2,654,902 "," 114,508 "," 2,540,393.53 "," 351,751.59 ", 0.17 , 0.32 
2/1/2021,2021, 1 ,Mon," 4,132 "," 7,427 "," 89,566 ", 27 , 22 , 594 , 12 , 330 ," 1,996,704 "," 979,979 ",0.490798335657163," 2,559,977 "," 107,628 "," 2,452,349.40 "," 339,439.68 ", 0.17 , 0.32 
2/2/2021,2021, 2 ,Tue," 4,131 "," 7,354 "," 88,224 ", 26 , 21 , 564 , 12 , 317 ," 1,933,416 "," 936,148 ",0.484193779300471," 2,432,844 "," 101,560 "," 2,331,284.35 "," 328,680.72 ", 0.17 , 0.31 
2/3/2021,2021, 3 ,Wed," 4,128 "," 7,388 "," 87,587 ", 26 , 21 , 559 , 12 , 313 ," 1,930,475 "," 930,958 ",0.48224297128945," 2,410,858 "," 101,644 "," 2,309,214.47 "," 328,180.75 ", 0.17 , 0.31 
2/4/2021,2021, 4 ,Thu," 4,152 "," 7,428 "," 93,895 ", 25 , 23 , 558 , 13 , 312 ," 1,921,852 "," 926,405 ",0.482037638694343," 2,420,400 "," 102,804 "," 2,317,596.01 "," 326,714.84 ", 0.17 , 0.31 
2/5/2021,2021, 5 ,Fri," 4,133 "," 7,370 "," 87,252 ", 28 , 21 , 595 , 12 , 334 ," 2,031,581 "," 996,972 ",0.490737017130993," 2,563,278 "," 104,544 "," 2,458,734.39 "," 345,368.77 ", 0.17 , 0.32 
2/6/2021,2021, 6 ,Sat," 4,123 "," 7,359 "," 87,130 ", 28 , 21 , 595 , 12 , 333 ," 2,067,516 "," 994,389 ",0.48095830939156," 2,551,893 "," 99,296 "," 2,452,596.92 "," 351,477.72 ", 0.17 , 0.31 
2/7/2021,2021, 7 ,Sun," 4,137 "," 7,369 "," 87,455 ", 27 , 21 , 569 , 12 , 319 ," 1,950,888 "," 942,031 ",0.482872927610401," 2,456,405 "," 104,440 "," 2,351,965.44 "," 331,650.96 ", 0.17 , 0.31 
2/8/2021,2021, 8 ,Mon," 4,140 "," 7,351 "," 83,870 ", 27 , 20 , 547 , 11 , 308 ," 1,916,281 "," 907,853 ",0.473757763083807," 2,362,689 "," 99,492 "," 2,263,197.25 "," 325,767.77 ", 0.17 , 0.30 
2/9/2021,2021, 9 ,Tue," 4,140 "," 7,355 "," 83,255 ", 26 , 20 , 522 , 11 , 294 ," 1,874,460 "," 873,796 ",0.466158787064008," 2,253,843 "," 93,932 "," 2,159,911.42 "," 318,658.20 ", 0.17 , 0.30 
2/10/2021,2021, 10 ,Wed," 4,140 "," 7,376 "," 83,596 ", 26 , 20 , 532 , 11 , 298 ," 1,912,808 "," 892,661 ",0.466675693535368," 2,296,909 "," 95,648 "," 2,201,261.06 "," 325,177.36 ", 0.17 , 0.30 
2/11/2021,2021, 11 ,Thu," 4,143 "," 7,367 "," 90,305 ", 24 , 22 , 531 , 12 , 299 ," 1,877,821 "," 890,700 ",0.47432636018023," 2,299,329 "," 97,960 "," 2,201,368.70 "," 319,229.57 ", 0.17 , 0.30 
2/12/2021,2021, 12 ,Fri," 4,119 "," 7,340 "," 84,170 ", 28 , 20 , 577 , 11 , 324 ," 1,990,318 "," 973,888 ",0.4893127630861," 2,478,987 "," 101,468 "," 2,377,519.04 "," 338,354.06 ", 0.17 , 0.32 
2/13/2021,2021, 13 ,Sat," 4,124 "," 7,317 "," 84,452 ", 28 , 20 , 580 , 12 , 327 ," 2,062,754 "," 979,647 ",0.47492187628772," 2,488,946 "," 95,604 "," 2,393,342.08 "," 350,668.18 ", 0.17 , 0.30 
2/14/2021,2021, 14 ,Sun," 4,127 "," 7,323 "," 92,675 ", 25 , 22 , 563 , 13 , 317 ," 1,953,826 "," 940,872 ",0.481553628624043," 2,426,990 "," 104,932 "," 2,322,057.98 "," 332,150.42 ", 0.17 , 0.31 
2/15/2021,2021, 15 ,Mon," 4,135 "," 7,318 "," 85,662 ", 28 , 21 , 579 , 12 , 327 ," 1,973,839 "," 965,764 ",0.489282053906119," 2,501,167 "," 106,120 "," 2,395,046.55 "," 335,552.63 ", 0.17 , 0.32 
2/16/2021,2021, 16 ,Tue," 4,126 "," 7,247 "," 83,678 ", 26 , 20 , 528 , 12 , 300 ," 1,888,106 "," 886,673 ",0.469609757079317," 2,273,784 "," 96,488 "," 2,177,296.29 "," 320,978.02 ", 0.17 , 0.30 
2/17/2021,2021, 17 ,Wed," 4,130 "," 7,278 "," 83,247 ", 26 , 20 , 529 , 11 , 300 ," 1,907,994 "," 895,371 ",0.46927348828141," 2,282,211 "," 95,884 "," 2,186,326.68 "," 324,358.98 ", 0.17 , 0.30 
2/18/2021,2021, 18 ,Thu," 4,148 "," 7,287 "," 89,653 ", 24 , 22 , 528 , 12 , 300 ," 1,890,153 "," 887,914 ",0.469757739188309," 2,287,650 "," 98,384 "," 2,189,266.48 "," 321,326.01 ", 0.17 , 0.30 
2/19/2021,2021, 19 ,Fri," 4,132 "," 7,250 "," 80,420 ", 29 , 19 , 565 , 11 , 322 ," 1,989,017 "," 959,667 ",0.482483055700379," 2,438,040 "," 102,308 "," 2,335,732.09 "," 338,132.89 ", 0.17 , 0.31 
2/20/2021,2021, 20 ,Sat," 4,131 "," 7,226 "," 79,307 ", 31 , 19 , 604 , 11 , 345 ," 2,162,751 "," 1,018,445 ",0.470902568071868," 2,599,063 "," 103,948 "," 2,495,115.18 "," 367,667.67 ", 0.17 , 0.30 
2/21/2021,2021, 21 ,Sun," 4,138 "," 7,216 "," 82,603 ", 25 , 20 , 490 , 11 , 281 ," 1,703,184 "," 809,868 ",0.47550235323958," 2,122,297 "," 93,328 "," 2,028,969.27 "," 289,541.28 ", 0.17 , 0.31 
2/22/2021,2021, 22 ,Mon," 4,157 "," 7,184 "," 86,050 ", 26 , 21 , 539 , 12 , 312 ," 1,895,027 "," 898,624 ",0.474201159139157," 2,342,058 "," 103,000 "," 2,239,057.60 "," 322,154.59 ", 0.17 , 0.30 
2/23/2021,2021, 23 ,Tue," 4,157 "," 7,145 "," 84,421 ", 26 , 20 , 533 , 12 , 310 ," 1,885,904 "," 898,359 ",0.476354575842673," 2,316,192 "," 100,848 "," 2,215,344.05 "," 320,603.68 ", 0.17 , 0.31 
2/24/2021,2021, 24 ,Wed," 4,153 "," 7,155 "," 87,813 ", 26 , 21 , 552 , 12 , 320 ," 1,935,340 "," 937,341 ",0.484328851777982," 2,396,189 "," 103,984 "," 2,292,205.43 "," 329,007.80 ", 0.17 , 0.31 
2/25/2021,2021, 25 ,Thu," 4,171 "," 7,185 "," 95,787 ", 24 , 23 , 552 , 13 , 320 ," 1,907,508 "," 937,836 ",0.49165508086991," 2,408,537 "," 106,852 "," 2,301,685.06 "," 324,276.36 ", 0.17 , 0.32 
2/26/2021,2021, 26 ,Fri," 4,162 "," 7,165 "," 87,230 ", 29 , 21 , 601 , 12 , 349 ," 2,036,148 "," 1,028,575 ",0.505157287191304," 2,610,876 "," 110,576 "," 2,500,299.76 "," 346,145.16 ", 0.17 , 0.34 
2/27/2021,2021, 27 ,Sat," 4,158 "," 7,179 "," 87,670 ", 28 , 21 , 591 , 12 , 342 ," 2,098,046 "," 1,019,514 ",0.485935008098011," 2,556,575 "," 99,644 "," 2,456,930.81 "," 356,667.82 ", 0.17 , 0.32 
2/28/2021,2021, 28 ,Sun," 4,165 "," 7,154 "," 93,117 ", 26 , 22 , 578 , 13 , 336 ," 1,981,797 "," 979,052 ",0.494022344367259," 2,517,443 "," 110,208 "," 2,407,234.74 "," 336,905.49 ", 0.17 , 0.32 
3/1/2021,2021, 1 ,Mon," 4,172 "," 7,111 "," 90,632 ", 27 , 22 , 583 , 13 , 342 ," 2,002,364 "," 987,287 ",0.493060702249941," 2,541,854 "," 109,120 "," 2,432,733.57 "," 340,401.88 ", 0.17 , 0.32 
3/2/2021,2021, 2 ,Tue," 4,160 "," 7,048 "," 89,265 ", 26 , 21 , 555 , 13 , 328 ," 1,930,591 "," 941,003 ",0.48741706555143," 2,412,954 "," 102,596 "," 2,310,358.19 "," 328,200.47 ", 0.17 , 0.32 
3/3/2021,2021, 3 ,Wed," 4,169 "," 7,109 "," 90,338 ", 26 , 22 , 554 , 13 , 325 ," 1,928,722 "," 943,280 ",0.489069964463515," 2,410,107 "," 101,248 "," 2,308,859.27 "," 327,882.74 ", 0.17 , 0.32 
3/4/2021,2021, 4 ,Thu," 4,168 "," 7,114 "," 97,374 ", 24 , 23 , 564 , 14 , 330 ," 1,954,171 "," 961,233 ",0.491887864470407," 2,453,830 "," 104,100 "," 2,349,730.27 "," 332,209.07 ", 0.17 , 0.32 
3/5/2021,2021, 5 ,Fri," 4,150 "," 7,071 "," 90,767 ", 28 , 22 , 614 , 13 , 360 ," 2,093,184 "," 1,054,504 ",0.503779887482419," 2,654,810 "," 107,480 "," 2,547,330.07 "," 355,841.28 ", 0.17 , 0.33 
3/6/2021,2021, 6 ,Sat," 4,121 "," 7,017 "," 85,869 ", 29 , 21 , 605 , 12 , 355 ," 2,096,293 "," 1,025,315 ",0.48910863128389," 2,591,640 "," 100,328 "," 2,491,312.36 "," 356,369.81 ", 0.17 , 0.32 
3/7/2021,2021, 7 ,Sun," 4,133 "," 6,995 "," 88,366 ", 25 , 21 , 540 , 13 , 319 ," 1,865,534 "," 909,118 ",0.487323200756459," 2,332,122 "," 101,228 "," 2,230,894.06 "," 317,140.78 ", 0.17 , 0.32 
3/8/2021,2021, 8 ,Mon," 4,134 "," 6,998 "," 87,828 ", 27 , 21 , 572 , 13 , 338 ," 1,981,093 "," 965,706 ",0.487461214592147," 2,472,917 "," 107,188 "," 2,365,728.63 "," 336,785.81 ", 0.17 , 0.32 
3/9/2021,2021, 9 ,Tue," 4,117 "," 6,970 "," 86,376 ", 26 , 21 , 541 , 12 , 320 ," 1,890,537 "," 916,015 ",0.484526354152286," 2,328,038 "," 99,440 "," 2,228,598.35 "," 321,391.29 ", 0.17 , 0.31 
3/10/2021,2021, 10 ,Wed," 4,123 "," 6,923 "," 87,466 ", 26 , 21 , 548 , 13 , 327 ," 1,920,859 "," 930,665 ",0.484504588832392," 2,362,398 "," 101,748 "," 2,260,649.78 "," 326,546.03 ", 0.17 , 0.31 
3/11/2021,2021, 11 ,Thu," 4,138 "," 6,954 "," 94,685 ", 23 , 23 , 537 , 14 , 319 ," 1,868,820 "," 913,899 ",0.489024625164542," 2,321,938 "," 100,228 "," 2,221,709.77 "," 317,699.40 ", 0.17 , 0.32 
3/12/2021,2021, 12 ,Fri," 4,134 "," 6,955 "," 89,793 ", 27 , 22 , 596 , 13 , 355 ," 2,051,236 "," 1,028,266 ",0.501290928981356," 2,571,852 "," 106,276 "," 2,465,575.61 "," 348,710.12 ", 0.17 , 0.33 
3/13/2021,2021, 13 ,Sat," 4,112 "," 6,930 "," 86,042 ", 29 , 21 , 603 , 12 , 358 ," 2,107,378 "," 1,025,861 ",0.486794965117791," 2,578,517 "," 100,808 "," 2,477,709.25 "," 358,254.26 ", 0.17 , 0.32 
3/14/2021,2021, 14 ,Sun," 4,103 "," 6,871 "," 89,653 ", 26 , 22 , 577 , 13 , 344 ," 1,985,126 "," 967,267 ",0.487257232034642," 2,474,679 "," 108,784 "," 2,365,895.17 "," 337,471.42 ", 0.17 , 0.32 
3/15/2021,2021, 15 ,Mon," 4,110 "," 6,837 "," 87,503 ", 27 , 21 , 564 , 13 , 339 ," 1,958,418 "," 954,785 ",0.487528709397075," 2,425,355 "," 105,456 "," 2,319,898.95 "," 332,931.06 ", 0.17 , 0.32 
3/16/2021,2021, 16 ,Tue," 4,099 "," 6,843 "," 87,273 ", 26 , 21 , 550 , 13 , 329 ," 1,911,123 "," 929,208 ",0.48621046369072," 2,355,044 "," 101,704 "," 2,253,340.36 "," 324,890.91 ", 0.17 , 0.32 
3/17/2021,2021, 17 ,Wed," 4,113 "," 6,844 "," 88,960 ", 25 , 22 , 546 , 13 , 328 ," 1,906,940 "," 931,417 ",0.488435399121105," 2,348,125 "," 101,464 "," 2,246,660.93 "," 324,179.80 ", 0.17 , 0.32 
3/18/2021,2021, 18 ,Thu," 4,126 "," 6,895 "," 96,543 ", 24 , 23 , 561 , 14 , 336 ," 1,947,746 "," 962,198 ",0.494005891938682," 2,423,507 "," 107,052 "," 2,316,454.82 "," 331,116.82 ", 0.17 , 0.32 
3/19/2021,2021, 19 ,Fri," 4,127 "," 6,854 "," 88,707 ", 28 , 21 , 604 , 13 , 364 ," 2,055,042 "," 1,042,340 ",0.507211044835093," 2,603,733 "," 110,140 "," 2,493,593.27 "," 349,357.14 ", 0.17 , 0.34 
3/20/2021,2021, 20 ,Sat," 4,101 "," 6,847 "," 83,731 ", 32 , 20 , 653 , 12 , 391 ," 2,254,852 "," 1,113,755 ",0.493937074362308," 2,790,321 "," 112,832 "," 2,677,489.03 "," 383,324.84 ", 0.17 , 0.32 
3/21/2021,2021, 21 ,Sun," 4,096 "," 6,810 "," 87,230 ", 24 , 21 , 520 , 13 , 313 ," 1,767,106 "," 869,959 ",0.492307196059546," 2,226,607 "," 98,132 "," 2,128,474.79 "," 300,408.02 ", 0.17 , 0.32 
3/22/2021,2021, 22 ,Mon," 4,125 "," 6,769 "," 86,024 ", 27 , 21 , 553 , 13 , 337 ," 1,907,409 "," 936,421 ",0.490938755138515," 2,385,886 "," 105,228 "," 2,280,658.25 "," 324,259.53 ", 0.17 , 0.32 
3/23/2021,2021, 23 ,Tue," 4,136 "," 6,763 "," 86,849 ", 26 , 21 , 545 , 13 , 333 ," 1,914,085 "," 927,869 ",0.484758513859102," 2,354,239 "," 102,176 "," 2,252,062.64 "," 325,394.45 ", 0.17 , 0.31 
3/24/2021,2021, 24 ,Wed," 4,138 "," 6,805 "," 89,100 ", 26 , 22 , 556 , 13 , 338 ," 1,937,754 "," 954,377 ",0.492517110014997," 2,404,749 "," 105,036 "," 2,299,712.59 "," 329,418.18 ", 0.17 , 0.32 
3/25/2021,2021, 25 ,Thu," 4,168 "," 6,834 "," 98,226 ", 24 , 24 , 557 , 14 , 340 ," 1,913,859 "," 959,440 ",0.501311747626131," 2,429,503 "," 107,348 "," 2,322,154.62 "," 325,356.03 ", 0.17 , 0.33 
3/26/2021,2021, 26 ,Fri," 4,153 "," 6,830 "," 90,421 ", 29 , 22 , 631 , 13 , 384 ," 2,130,935 "," 1,099,019 ",0.515744966411458," 2,739,149 "," 118,296 "," 2,620,852.94 "," 362,258.95 ", 0.17 , 0.35 
3/27/2021,2021, 27 ,Sat," 4,147 "," 6,788 "," 90,913 ", 28 , 22 , 613 , 13 , 375 ," 2,074,233 "," 1,039,728 ",0.501259019599052," 2,652,013 "," 108,212 "," 2,543,801.12 "," 352,619.61 ", 0.17 , 0.33 
3/28/2021,2021, 28 ,Sun," 4,132 "," 6,742 "," 95,603 ", 26 , 23 , 612 , 14 , 375 ," 2,011,236 "," 1,031,521 ",0.512879144963595," 2,650,014 "," 119,436 "," 2,530,578.45 "," 341,910.12 ", 0.17 , 0.34 
3/29/2021,2021, 29 ,Mon," 4,144 "," 6,751 "," 94,650 ", 27 , 23 , 607 , 14 , 373 ," 1,992,037 "," 1,024,240 ",0.514167156533739," 2,633,679 "," 116,676 "," 2,517,002.61 "," 338,646.29 ", 0.17 , 0.34 
3/30/2021,2021, 30 ,Tue," 4,146 "," 6,792 "," 99,699 ", 25 , 24 , 613 , 15 , 374 ," 2,011,565 "," 1,047,327 ",0.520652825039211," 2,658,769 "," 117,944 "," 2,540,825.46 "," 341,966.05 ", 0.17 , 0.35 
3/31/2021,2021, 31 ,Wed," 4,164 "," 6,811 "," 102,144 ", 26 , 25 , 639 , 15 , 391 ," 2,058,882 "," 1,097,099 ",0.532861523875579," 2,785,269 "," 122,940 "," 2,662,328.96 "," 350,009.94 ", 0.17 , 0.36 
4/1/2021,2021, 1 ,Thu," 4,171 "," 6,802 "," 108,744 ", 25 , 26 , 657 , 16 , 403 ," 2,087,134 "," 1,123,956 ",0.538516453663253," 2,869,966 "," 131,368 "," 2,738,598.17 "," 417,426.80 ", 0.20 , 0.34 
4/2/2021,2021, 2 ,Fri," 4,155 "," 6,795 "," 100,002 ", 30 , 24 , 714 , 15 , 437 ," 2,227,331 "," 1,216,424 ",0.546135262338647," 3,101,326 "," 133,188 "," 2,968,138.30 "," 445,466.20 ", 0.20 , 0.35 
4/3/2021,2021, 3 ,Sat," 4,137 "," 6,732 "," 99,042 ", 29 , 24 , 695 , 15 , 427 ," 2,219,910 "," 1,176,505 ",0.52997869282989," 2,999,716 "," 122,676 "," 2,877,039.88 "," 443,982.00 ", 0.20 , 0.33 
4/4/2021,2021, 4 ,Sun," 4,118 "," 6,675 "," 101,406 ", 27 , 25 , 676 , 15 , 417 ," 2,119,178 "," 1,129,413 ",0.532948624419468," 2,914,968 "," 131,892 "," 2,783,076.42 "," 423,835.60 ", 0.20 , 0.33 
4/5/2021,2021, 5 ,Mon," 4,123 "," 6,655 "," 99,532 ", 27 , 24 , 663 , 15 , 411 ," 2,063,416 "," 1,106,914 ",0.536447328119972," 2,862,127 "," 129,120 "," 2,733,007.00 "," 412,683.20 ", 0.20 , 0.34 
4/6/2021,2021, 6 ,Tue," 4,141 "," 6,683 "," 99,720 ", 27 , 24 , 653 , 15 , 405 ," 2,052,480 "," 1,096,235 ",0.534102646554412," 2,832,612 "," 126,784 "," 2,705,827.90 "," 410,496.00 ", 0.20 , 0.33 
4/7/2021,2021, 7 ,Wed," 4,134 "," 6,680 "," 100,946 ", 27 , 24 , 662 , 15 , 409 ," 2,058,878 "," 1,108,435 ",0.538368470594178," 2,861,867 "," 126,916 "," 2,734,951.48 "," 411,775.60 ", 0.20 , 0.34 
4/8/2021,2021, 8 ,Thu," 4,150 "," 6,722 "," 107,003 ", 25 , 26 , 657 , 16 , 406 ," 2,040,604 "," 1,097,030 ",0.53760063196975," 2,853,084 "," 125,648 "," 2,727,436.46 "," 408,120.80 ", 0.20 , 0.34 
4/9/2021,2021, 9 ,Fri," 4,146 "," 6,747 "," 100,251 ", 29 , 24 , 706 , 15 , 434 ," 2,167,086 "," 1,183,577 ",0.546160604609139," 3,056,753 "," 129,528 "," 2,927,225.28 "," 433,417.20 ", 0.20 , 0.35 
4/10/2021,2021, 10 ,Sat," 4,139 "," 6,726 "," 97,719 ", 30 , 24 , 707 , 15 , 435 ," 2,234,222 "," 1,183,285 ",0.529618363797331," 3,049,079 "," 121,256 "," 2,927,822.82 "," 446,844.40 ", 0.20 , 0.33 
4/11/2021,2021, 11 ,Sun," 4,146 "," 6,678 "," 101,236 ", 28 , 24 , 676 , 15 , 420 ," 2,102,304 "," 1,107,614 ",0.526857200480996," 2,929,929 "," 127,376 "," 2,802,553.42 "," 420,460.80 ", 0.20 , 0.33 
4/12/2021,2021, 12 ,Mon," 4,128 "," 6,672 "," 99,019 ", 28 , 24 , 665 , 15 , 411 ," 2,046,935 "," 1,081,433 ",0.528318192810226," 2,867,110 "," 121,980 "," 2,745,130.02 "," 409,387.00 ", 0.20 , 0.33 
4/13/2021,2021, 13 ,Tue," 4,129 "," 6,665 "," 90,017 ", 27 , 22 , 596 , 14 , 370 ," 1,916,021 "," 984,713 ",0.51393643389086," 2,570,881 "," 108,088 "," 2,462,793.08 "," 383,204.20 ", 0.20 , 0.31 
4/14/2021,2021, 14 ,Wed," 4,136 "," 6,653 "," 88,831 ", 26 , 21 , 564 , 13 , 351 ," 1,915,543 "," 946,269 ",0.493995175258399," 2,434,915 "," 101,368 "," 2,333,546.83 "," 383,108.60 ", 0.20 , 0.29 
4/15/2021,2021, 15 ,Thu," 4,145 "," 6,712 "," 94,427 ", 24 , 23 , 556 , 14 , 344 ," 1,887,063 "," 934,559 ",0.49524525678263," 2,408,818 "," 102,228 "," 2,306,590.25 "," 377,412.60 ", 0.20 , 0.30 
4/16/2021,2021, 16 ,Fri," 4,143 "," 6,642 "," 81,040 ", 29 , 20 , 571 , 12 , 356 ," 1,949,521 "," 967,366 ",0.496207017005716," 2,466,321 "," 100,568 "," 2,365,752.74 "," 389,904.20 ", 0.20 , 0.30 
4/17/2021,2021, 17 ,Sat," 4,129 "," 6,597 "," 82,279 ", 28 , 20 , 559 , 12 , 350 ," 1,999,478 "," 955,586 ",0.477917736529234," 2,401,529 "," 94,320 "," 2,307,209.29 "," 399,895.60 ", 0.20 , 0.28 
4/18/2021,2021, 18 ,Sun," 4,128 "," 6,616 "," 87,318 ", 26 , 21 , 554 , 13 , 346 ," 1,908,547 "," 924,055 ",0.484166750936707," 2,390,186 "," 102,164 "," 2,288,022.14 "," 381,709.40 ", 0.20 , 0.28 
4/19/2021,2021, 19 ,Mon," 4,133 "," 6,638 "," 84,117 ", 26 , 20 , 539 , 13 , 335 ," 1,880,937 "," 905,454 ",0.481384543979942," 2,325,352 "," 99,128 "," 2,226,223.61 "," 376,187.40 ", 0.20 , 0.28 
4/20/2021,2021, 20 ,Tue," 4,131 "," 6,618 "," 81,540 ", 28 , 20 , 560 , 12 , 350 ," 1,977,523 "," 949,486 ",0.480139042630604," 2,414,655 "," 101,512 "," 2,313,143.41 "," 395,504.60 ", 0.20 , 0.28 
4/21/2021,2021, 21 ,Wed," 4,121 "," 6,640 "," 83,711 ", 23 , 20 , 470 , 13 , 292 ," 1,638,425 "," 790,010 ",0.482176480461419," 2,021,371 "," 84,164 "," 1,937,206.97 "," 327,685.00 ", 0.20 , 0.28 
4/22/2021,2021, 22 ,Thu," 4,157 "," 6,715 "," 92,757 ", 23 , 22 , 515 , 14 , 319 ," 1,799,424 "," 875,771 ",0.486695186904254," 2,237,039 "," 95,240 "," 2,141,799.33 "," 359,884.80 ", 0.20 , 0.29 
4/23/2021,2021, 23 ,Fri," 4,144 "," 6,697 "," 79,946 ", 28 , 19 , 542 , 12 , 336 ," 1,907,662 "," 937,884 ",0.491640552676522," 2,344,529 "," 97,188 "," 2,247,341.08 "," 381,532.40 ", 0.20 , 0.29 
4/24/2021,2021, 24 ,Sat," 4,136 "," 6,666 "," 80,853 ", 28 , 20 , 544 , 12 , 337 ," 1,944,568 "," 922,050 ",0.474167012930378," 2,340,342 "," 91,884 "," 2,248,457.97 "," 388,913.60 ", 0.20 , 0.27 
4/25/2021,2021, 25 ,Sun," 4,134 "," 6,677 "," 86,805 ", 26 , 21 , 544 , 13 , 337 ," 1,880,240 "," 903,892 ",0.480732246947198," 2,351,110 "," 100,600 "," 2,250,510.40 "," 376,048.00 ", 0.20 , 0.28 
4/26/2021,2021, 26 ,Mon," 4,129 "," 6,661 "," 86,236 ", 26 , 21 , 541 , 13 , 335 ," 1,845,612 "," 895,655 ",0.485288890622731," 2,329,692 "," 97,908 "," 2,231,783.67 "," 369,122.40 ", 0.20 , 0.29 
4/27/2021,2021, 27 ,Tue," 4,135 "," 6,649 "," 87,271 ", 25 , 21 , 534 , 13 , 332 ," 1,844,699 "," 890,217 ",0.482581169068775," 2,303,461 "," 94,544 "," 2,208,916.71 "," 368,939.80 ", 0.20 , 0.28 
4/28/2021,2021, 28 ,Wed," 4,140 "," 6,626 "," 90,227 ", 25 , 22 , 554 , 14 , 346 ," 1,873,447 "," 920,954 ",0.491582628171494," 2,392,473 "," 98,588 "," 2,293,885.21 "," 374,689.40 ", 0.20 , 0.29 
4/29/2021,2021, 29 ,Thu," 4,159 "," 6,715 "," 102,102 ", 23 , 25 , 559 , 15 , 346 ," 1,865,471 "," 937,023 ",0.502298347173449," 2,429,195 "," 102,564 "," 2,326,630.67 "," 373,094.20 ", 0.20 , 0.30 
4/30/2021,2021, 30 ,Fri," 4,128 "," 6,640 "," 89,416 ", 28 , 22 , 614 , 13 , 382 ," 2,023,731 "," 1,054,942 ",0.521285684708096," 2,647,369 "," 111,124 "," 2,536,245.33 "," 404,746.20 ", 0.20 , 0.32 
5/1/2021,2021, 1 ,Sat," 4,132 "," 6,596 "," 89,360 ", 28 , 22 , 605 , 14 , 379 ," 2,024,746 "," 1,015,243 ",0.501417461745819," 2,599,012 "," 99,908 "," 2,499,104.35 "," 404,949.20 ", 0.20 , 0.30 
5/2/2021,2021, 2 ,Sun," 4,121 "," 6,557 "," 95,404 ", 26 , 23 , 599 , 15 , 377 ," 1,962,233 "," 994,771 ",0.506958653737859," 2,576,180 "," 106,724 "," 2,469,456.07 "," 392,446.60 ", 0.20 , 0.31 
5/3/2021,2021, 3 ,Mon," 4,138 "," 6,538 "," 92,927 ", 27 , 22 , 598 , 14 , 378 ," 1,957,730 "," 994,833 ",0.508156385201228," 2,579,956 "," 106,280 "," 2,473,675.90 "," 391,546.00 ", 0.20 , 0.31 
5/4/2021,2021, 4 ,Tue," 4,135 "," 6,562 "," 93,283 ", 25 , 23 , 568 , 14 , 358 ," 1,886,991 "," 950,600 ",0.503764988810227," 2,450,470 "," 101,884 "," 2,348,586.46 "," 377,398.20 ", 0.20 , 0.30 
5/5/2021,2021, 5 ,Wed," 4,143 "," 6,632 "," 94,815 ", 26 , 23 , 589 , 14 , 368 ," 1,943,568 "," 987,492 ",0.508082042923119," 2,545,343 "," 107,012 "," 2,438,330.73 "," 388,713.60 ", 0.20 , 0.31 
5/6/2021,2021, 6 ,Thu," 4,151 "," 6,656 "," 102,215 ", 24 , 25 , 579 , 15 , 361 ," 1,914,729 "," 978,174 ",0.510868117629179," 2,510,542 "," 106,820 "," 2,403,721.88 "," 382,945.80 ", 0.20 , 0.31 
5/7/2021,2021, 7 ,Fri," 4,136 "," 6,647 "," 87,660 ", 29 , 21 , 612 , 13 , 381 ," 2,006,495 "," 1,034,001 ",0.515326975646588," 2,640,610 "," 109,384 "," 2,531,226.25 "," 401,299.00 ", 0.20 , 0.32 
5/8/2021,2021, 8 ,Sat," 4,146 "," 6,627 "," 87,809 ", 28 , 21 , 588 , 13 , 368 ," 2,020,770 "," 990,820 ",0.490318047081063," 2,534,238 "," 96,928 "," 2,437,310.07 "," 404,154.00 ", 0.20 , 0.29 
5/9/2021,2021, 9 ,Sun," 4,147 "," 6,649 "," 96,231 ", 25 , 23 , 579 , 14 , 361 ," 1,944,923 "," 968,286 ",0.497853128375776," 2,507,491 "," 104,496 "," 2,402,994.58 "," 388,984.60 ", 0.20 , 0.30 
5/10/2021,2021, 10 ,Mon," 4,155 "," 6,625 "," 98,770 ", 25 , 24 , 590 , 15 , 370 ," 1,934,048 "," 991,944 ",0.512884892205364," 2,560,187 "," 109,316 "," 2,450,870.72 "," 386,809.60 ", 0.20 , 0.31 
5/11/2021,2021, 11 ,Tue," 4,154 "," 6,572 "," 84,308 ", 28 , 20 , 566 , 13 , 358 ," 1,883,790 "," 948,573 ",0.50354498112847," 2,452,794 "," 101,340 "," 2,351,453.66 "," 376,758.00 ", 0.20 , 0.30 
5/12/2021,2021, 12 ,Wed," 4,144 "," 6,560 "," 82,470 ", 26 , 20 , 511 , 13 , 323 ," 1,807,474 "," 861,431 ",0.476593854185454," 2,207,994 "," 89,928 "," 2,118,066.05 "," 361,494.80 ", 0.20 , 0.28 
5/13/2021,2021, 13 ,Thu," 4,136 "," 6,418 "," 103,212 ", 23 , 25 , 567 , 16 , 365 ," 1,890,029 "," 940,894 ",0.497819874721499," 2,444,590 "," 101,388 "," 2,343,202.11 "," 378,005.80 ", 0.20 , 0.30 
5/14/2021,2021, 14 ,Fri," 4,132 "," 6,432 "," 103,125 ", 28 , 25 , 710 , 16 , 456 ," 2,139,090 "," 1,160,611 ",0.542572308785512," 3,057,528 "," 122,488 "," 2,935,039.99 "," 427,818.00 ", 0.20 , 0.34 
5/15/2021,2021, 15 ,Sat," 4,125 "," 6,531 "," 92,242 ", 32 , 22 , 723 , 14 , 456 ," 2,235,432 "," 1,179,217 ",0.52751190821282," 3,102,688 "," 121,612 "," 2,981,076.08 "," 447,086.40 ", 0.20 , 0.33 
5/16/2021,2021, 16 ,Sun," 4,117 "," 6,562 "," 100,154 ", 27 , 24 , 664 , 15 , 417 ," 2,118,392 "," 1,085,205 ",0.512277708752676," 2,863,347 "," 128,024 "," 2,735,322.57 "," 423,678.40 ", 0.20 , 0.31 
5/17/2021,2021, 17 ,Mon," 4,130 "," 6,555 "," 98,804 ", 27 , 24 , 651 , 15 , 410 ," 2,072,192 "," 1,074,972 ",0.51876080980913," 2,813,435 "," 126,304 "," 2,687,131.26 "," 414,438.40 ", 0.20 , 0.32 
5/18/2021,2021, 18 ,Tue," 4,135 "," 6,562 "," 100,458 ", 26 , 24 , 638 , 15 , 402 ," 1,996,847 "," 1,045,010 ",0.523330029791967," 2,758,262 "," 121,864 "," 2,636,397.95 "," 399,369.40 ", 0.20 , 0.32 
5/19/2021,2021, 19 ,Wed," 4,120 "," 6,539 "," 100,754 ", 26 , 24 , 637 , 15 , 401 ," 1,972,257 "," 1,046,244 ",0.530480561103345," 2,742,975 "," 119,876 "," 2,623,098.70 "," 394,451.40 ", 0.20 , 0.33 
5/20/2021,2021, 20 ,Thu," 4,107 "," 6,546 "," 102,559 ", 28 , 25 , 701 , 16 , 440 ," 2,147,939 "," 1,148,880 ",0.534875524863602," 3,013,830 "," 132,900 "," 2,880,930.25 "," 429,587.80 ", 0.20 , 0.33 
5/21/2021,2021, 21 ,Fri," 4,099 "," 6,531 "," 93,885 ", 25 , 23 , 565 , 14 , 354 ," 1,749,582 "," 934,961 ",0.534391071695982," 2,415,936 "," 101,312 "," 2,314,624.14 "," 349,916.40 ", 0.20 , 0.33 
5/22/2021,2021, 22 ,Sat," 4,074 "," 6,513 "," 96,280 ", 29 , 24 , 682 , 15 , 427 ," 2,131,506 "," 1,103,848 ",0.517872340026254," 2,894,976 "," 116,704 "," 2,778,271.69 "," 426,301.20 ", 0.20 , 0.32 
5/23/2021,2021, 23 ,Sun," 4,075 "," 6,515 "," 103,033 ", 26 , 25 , 666 , 16 , 417 ," 2,048,788 "," 1,071,729 ",0.523103903380926," 2,837,168 "," 123,516 "," 2,713,652.21 "," 409,757.60 ", 0.20 , 0.32 
5/24/2021,2021, 24 ,Mon," 4,072 "," 6,485 "," 100,102 ", 27 , 25 , 664 , 15 , 417 ," 2,044,124 "," 1,086,306 ",0.531428621747017," 2,831,310 "," 126,008 "," 2,705,302.09 "," 408,824.80 ", 0.20 , 0.33 
5/25/2021,2021, 25 ,Tue," 4,093 "," 6,491 "," 101,909 ", 26 , 25 , 640 , 16 , 403 ," 1,987,128 "," 1,043,477 ",0.525118160480855," 2,737,519 "," 119,392 "," 2,618,126.85 "," 397,425.60 ", 0.20 , 0.33 
5/26/2021,2021, 26 ,Wed," 4,097 "," 6,473 "," 104,235 ", 26 , 25 , 657 , 16 , 416 ," 2,014,857 "," 1,078,861 ",0.535452888219859," 2,814,633 "," 121,780 "," 2,692,853.30 "," 402,971.40 ", 0.20 , 0.34 
5/27/2021,2021, 27 ,Thu," 4,112 "," 6,530 "," 113,285 ", 24 , 28 , 660 , 17 , 415 ," 1,983,336 "," 1,083,016 ",0.54605775319966," 2,838,367 "," 125,348 "," 2,713,018.82 "," 396,667.20 ", 0.20 , 0.35 
5/28/2021,2021, 28 ,Fri," 4,117 "," 6,484 "," 103,498 ", 29 , 25 , 726 , 16 , 461 ," 2,144,771 "," 1,192,984 ",0.556229079934408," 3,119,541 "," 130,428 "," 2,989,113.01 "," 428,954.20 ", 0.20 , 0.36 
5/29/2021,2021, 29 ,Sat," 4,108 "," 6,470 "," 103,575 ", 28 , 25 , 714 , 16 , 454 ," 2,180,907 "," 1,175,426 ",0.538962000672197," 3,058,275 "," 123,696 "," 2,934,578.81 "," 436,181.40 ", 0.20 , 0.34 
5/30/2021,2021, 30 ,Sun," 4,101 "," 6,466 "," 110,043 ", 26 , 27 , 706 , 17 , 448 ," 2,121,942 "," 1,147,051 ",0.540566613036549," 3,025,788 "," 130,792 "," 2,894,996.38 "," 424,388.40 ", 0.20 , 0.34 
5/31/2021,2021, 31 ,Mon," 4,093 "," 6,399 "," 109,522 ", 26 , 27 , 697 , 17 , 446 ," 2,086,559 "," 1,144,037 ",0.548288833433418," 2,982,663 "," 130,264 "," 2,852,399.02 "," 417,311.80 ", 0.20 , 0.35 
6/1/2021,2021, 1 ,Tue," 4,093 "," 6,398 "," 108,677 ", 26 , 27 , 680 , 17 , 435 ," 2,027,192 "," 1,106,168 ",0.545665136800066," 2,907,038 "," 122,980 "," 2,784,058.30 "," 425,710.32 ", 0.21 , 0.34 
6/2/2021,2021, 2 ,Wed," 4,116 "," 6,429 "," 107,202 ", 26 , 26 , 669 , 17 , 429 ," 2,019,117 "," 1,097,409 ",0.543509365727692," 2,878,177 "," 122,664 "," 2,755,513.42 "," 424,014.57 ", 0.21 , 0.33 
6/3/2021,2021, 3 ,Thu," 4,116 "," 6,425 "," 115,099 ", 24 , 28 , 662 , 18 , 424 ," 1,962,875 "," 1,064,897 ",0.54251900910654," 2,847,036 "," 122,760 "," 2,724,275.65 "," 412,203.75 ", 0.21 , 0.33 
6/4/2021,2021, 4 ,Fri," 4,092 "," 6,367 "," 104,464 ", 30 , 26 , 753 , 16 , 484 ," 2,139,155 "," 1,188,154 ",0.55543146709799," 3,210,800 "," 128,560 "," 3,082,240.10 "," 449,222.55 ", 0.21 , 0.35 
6/5/2021,2021, 5 ,Sat," 4,086 "," 6,360 "," 101,907 ", 30 , 25 , 739 , 16 , 475 ," 2,199,620 "," 1,171,376 ",0.532535619788873," 3,139,380 "," 118,444 "," 3,020,936.10 "," 461,920.20 ", 0.21 , 0.32 
6/6/2021,2021, 6 ,Sun," 4,092 "," 6,345 "," 108,207 ", 25 , 26 , 654 , 17 , 422 ," 1,881,015 "," 1,009,807 ",0.536841545654873," 2,791,962 "," 115,204 "," 2,676,758.28 "," 395,013.15 ", 0.21 , 0.33 
6/7/2021,2021, 7 ,Mon," 4,077 "," 6,311 "," 104,003 ", 28 , 26 , 725 , 16 , 468 ," 2,150,165 "," 1,146,467 ",0.533199545151186," 3,082,130 "," 127,064 "," 2,955,065.93 "," 451,534.65 ", 0.21 , 0.32 
6/8/2021,2021, 8 ,Tue," 4,103 "," 6,321 "," 104,943 ", 26 , 26 , 664 , 17 , 431 ," 2,006,289 "," 1,061,286 ",0.528979623573673," 2,839,421 "," 116,172 "," 2,723,249.39 "," 421,320.69 ", 0.21 , 0.32 
6/9/2021,2021, 9 ,Wed," 4,105 "," 6,355 "," 105,093 ", 26 , 26 , 665 , 17 , 429 ," 1,990,873 "," 1,059,018 ",0.531936492182073," 2,846,480 "," 117,184 "," 2,729,295.56 "," 418,083.33 ", 0.21 , 0.32 
6/10/2021,2021, 10 ,Thu," 4,133 "," 6,396 "," 113,349 ", 24 , 27 , 662 , 18 , 428 ," 1,958,241 "," 1,054,564 ",0.538526156892844," 2,854,277 "," 117,984 "," 2,736,292.76 "," 411,230.61 ", 0.21 , 0.33 
6/11/2021,2021, 11 ,Fri," 4,114 "," 6,379 "," 102,340 ", 30 , 25 , 737 , 16 , 476 ," 2,091,916 "," 1,146,578 ",0.548099445675639," 3,155,842 "," 121,852 "," 3,033,989.73 "," 439,302.36 ", 0.21 , 0.34 
6/12/2021,2021, 12 ,Sat," 4,119 "," 6,368 "," 100,621 ", 30 , 24 , 739 , 16 , 478 ," 2,196,542 "," 1,157,373 ",0.526906838111905," 3,160,136 "," 117,648 "," 3,042,488.18 "," 461,273.82 ", 0.21 , 0.32 
6/13/2021,2021, 13 ,Sun," 4,130 "," 6,343 "," 106,385 ", 26 , 26 , 676 , 17 , 440 ," 2,036,224 "," 1,070,287 ",0.525623408819462," 2,912,930 "," 121,196 "," 2,791,733.52 "," 427,607.04 ", 0.21 , 0.32 
6/14/2021,2021, 14 ,Mon," 4,140 "," 6,358 "," 104,160 ", 26 , 25 , 663 , 16 , 432 ," 2,034,856 "," 1,076,419 ",0.528990257787283," 2,865,549 "," 119,572 "," 2,745,977.31 "," 427,319.76 ", 0.21 , 0.32 
6/15/2021,2021, 15 ,Tue," 4,149 "," 6,370 "," 103,984 ", 25 , 25 , 628 , 16 , 409 ," 1,938,686 "," 1,019,197 ",0.52571535565842," 2,716,171 "," 112,032 "," 2,604,139.34 "," 407,124.06 ", 0.21 , 0.32 
6/16/2021,2021, 16 ,Wed," 4,151 "," 6,396 "," 105,041 ", 28 , 25 , 700 , 16 , 454 ," 2,102,212 "," 1,113,413 ",0.529638780484556," 3,028,757 "," 123,796 "," 2,904,961.30 "," 441,464.52 ", 0.21 , 0.32 
6/17/2021,2021, 17 ,Thu," 4,172 "," 6,437 "," 111,902 ", 24 , 27 , 653 , 17 , 423 ," 1,952,666 "," 1,046,778 ",0.536076318223393," 2,842,643 "," 118,884 "," 2,723,759.16 "," 410,059.86 ", 0.21 , 0.33 
6/18/2021,2021, 18 ,Fri," 4,155 "," 6,376 "," 100,791 ", 30 , 24 , 726 , 16 , 473 ," 2,130,205 "," 1,154,051 ",0.541755840400337," 3,140,525 "," 123,128 "," 3,017,397.25 "," 447,343.05 ", 0.21 , 0.33 
6/19/2021,2021, 19 ,Sat," 4,158 "," 6,356 "," 101,855 ", 29 , 24 , 721 , 16 , 471 ," 2,148,764 "," 1,135,540 ",0.52846194370345," 3,110,906 "," 114,556 "," 2,996,349.66 "," 451,240.44 ", 0.21 , 0.32 
6/20/2021,2021, 20 ,Sun," 4,161 "," 6,424 "," 102,004 ", 31 , 25 , 760 , 16 , 492 ," 2,205,836 "," 1,164,191 ",0.52777767703492," 3,294,329 "," 133,216 "," 3,161,113.10 "," 463,225.56 ", 0.21 , 0.32 
6/21/2021,2021, 21 ,Mon," 4,140 "," 6,329 "," 101,569 ", 26 , 25 , 627 , 16 , 410 ," 1,793,294 "," 944,373 ",0.526613594870668," 2,706,559 "," 108,736 "," 2,597,822.52 "," 376,591.74 ", 0.21 , 0.32 
6/22/2021,2021, 22 ,Tue," 4,139 "," 6,257 "," 102,648 ", 28 , 25 , 702 , 16 , 465 ," 1,964,070 "," 1,043,851 ",0.531473419990123," 3,024,123 "," 117,196 "," 2,906,926.57 "," 412,454.70 ", 0.21 , 0.32 
6/23/2021,2021, 23 ,Wed," 4,123 "," 6,263 "," 105,007 ", 28 , 25 , 717 , 17 , 472 ," 1,971,485 "," 1,056,761 ",0.536022845722894," 3,075,181 "," 119,848 "," 2,955,333.06 "," 414,011.85 ", 0.21 , 0.33 
6/24/2021,2021, 24 ,Thu," 4,114 "," 6,268 "," 112,037 ", 26 , 27 , 715 , 18 , 469 ," 1,935,328 "," 1,052,959 ",0.544072632649349," 3,064,006 "," 121,788 "," 2,942,217.67 "," 406,418.88 ", 0.21 , 0.33 
6/25/2021,2021, 25 ,Fri," 4,095 "," 6,274 "," 100,000 ", 32 , 24 , 780 , 16 , 509 ," 2,083,654 "," 1,143,323 ",0.548710582467147," 3,318,048 "," 124,760 "," 3,193,287.90 "," 437,567.34 ", 0.21 , 0.34 
6/26/2021,2021, 26 ,Sat," 4,096 "," 6,241 "," 100,538 ", 31 , 25 , 765 , 16 , 502 ," 2,132,421 "," 1,131,051 ",0.53040698811351," 3,252,156 "," 118,316 "," 3,133,839.67 "," 447,808.41 ", 0.21 , 0.32 
6/27/2021,2021, 27 ,Sun," 4,104 "," 6,272 "," 105,398 ", 28 , 26 , 730 , 17 , 478 ," 2,013,338 "," 1,070,344 ",0.531626582322491," 3,118,733 "," 121,456 "," 2,997,277.29 "," 422,800.98 ", 0.21 , 0.32 
6/28/2021,2021, 28 ,Mon," 4,122 "," 6,279 "," 106,027 ", 29 , 26 , 736 , 17 , 483 ," 2,024,681 "," 1,079,582 ",0.533210910755818," 3,155,848 "," 122,980 "," 3,032,868.47 "," 425,183.01 ", 0.21 , 0.32 
6/29/2021,2021, 29 ,Tue," 4,138 "," 6,314 "," 111,270 ", 27 , 27 , 737 , 18 , 483 ," 2,012,806 "," 1,086,034 ",0.539562183340074," 3,172,354 "," 121,500 "," 3,050,854.31 "," 422,689.26 ", 0.21 , 0.33 
6/30/2021,2021, 30 ,Wed," 4,142 "," 6,320 "," 114,081 ", 28 , 28 , 766 , 18 , 502 ," 2,048,417 "," 1,133,119 ",0.553168129340852," 3,300,823 "," 126,292 "," 3,174,530.80 "," 430,167.57 ", 0.21 , 0.34 
7/1/2021,2021, 1 ,Thu," 4,152 "," 6,363 "," 121,369 ", 27 , 29 , 785 , 19 , 512 ," 2,070,922 "," 1,154,628 ",0.557542968783952," 3,391,422 "," 133,040 "," 3,258,382.45 "," 455,602.84 ", 0.22 , 0.34 
7/2/2021,2021, 2 ,Fri," 4,123 "," 6,270 "," 107,960 ", 32 , 26 , 841 , 17 , 553 ," 2,192,618 "," 1,232,410 ",0.562072371931636," 3,601,853 "," 134,768 "," 3,467,085.44 "," 482,375.96 ", 0.22 , 0.34 
7/3/2021,2021, 3 ,Sat," 4,128 "," 6,250 "," 105,498 ", 31 , 26 , 791 , 17 , 523 ," 2,158,371 "," 1,168,809 ",0.541523676884095," 3,387,394 "," 120,744 "," 3,266,650.22 "," 474,841.62 ", 0.22 , 0.32 
7/4/2021,2021, 4 ,Sun," 4,113 "," 6,275 "," 107,941 ", 30 , 26 , 775 , 17 , 508 ," 2,106,112 "," 1,131,410 ",0.537203149690045," 3,312,571 "," 125,512 "," 3,187,059.30 "," 463,344.64 ", 0.22 , 0.32 
7/5/2021,2021, 5 ,Mon," 4,124 "," 6,257 "," 105,481 ", 28 , 26 , 724 , 17 , 477 ," 2,002,489 "," 1,059,629 ",0.529155965401059," 3,103,120 "," 116,132 "," 2,986,987.95 "," 440,547.58 ", 0.22 , 0.31 
7/6/2021,2021, 6 ,Tue," 4,128 "," 6,254 "," 105,379 ", 28 , 26 , 704 , 17 , 465 ," 1,961,962 "," 1,032,834 ",0.526429156120251," 3,018,752 "," 111,452 "," 2,907,300.03 "," 431,631.64 ", 0.22 , 0.31 
7/7/2021,2021, 7 ,Wed," 4,132 "," 6,253 "," 107,308 ", 28 , 26 , 717 , 17 , 474 ," 2,012,177 "," 1,058,687 ",0.52614009602535," 3,076,506 "," 113,988 "," 2,962,517.95 "," 442,678.94 ", 0.22 , 0.31 
7/8/2021,2021, 8 ,Thu," 4,137 "," 6,241 "," 111,017 ", 26 , 27 , 699 , 18 , 463 ," 1,940,809 "," 1,031,339 ",0.531396443441884," 3,005,468 "," 113,080 "," 2,892,387.78 "," 426,977.98 ", 0.22 , 0.31 
7/9/2021,2021, 9 ,Fri," 4,121 "," 6,221 "," 99,070 ", 31 , 24 , 737 , 16 , 488 ," 2,053,039 "," 1,088,133 ",0.530010876559091," 3,153,924 "," 115,008 "," 3,038,916.07 "," 451,668.58 ", 0.22 , 0.31 
7/10/2021,2021, 10 ,Sat," 4,095 "," 6,176 "," 97,262 ", 30 , 24 , 724 , 16 , 480 ," 2,078,962 "," 1,061,794 ",0.510732759906146," 3,066,956 "," 104,064 "," 2,962,892.34 "," 457,371.64 ", 0.22 , 0.29 
7/11/2021,2021, 11 ,Sun," 4,078 "," 6,140 "," 105,388 ", 27 , 26 , 694 , 17 , 461 ," 1,948,491 "," 1,009,723 ",0.518207679686486," 2,940,462 "," 109,192 "," 2,831,269.84 "," 428,668.02 ", 0.22 , 0.30 
7/12/2021,2021, 12 ,Mon," 4,076 "," 6,064 "," 103,505 ", 29 , 25 , 727 , 17 , 488 ," 1,991,058 "," 1,058,088 ",0.531419978724879," 3,076,197 "," 114,884 "," 2,961,313.40 "," 438,032.76 ", 0.22 , 0.31 
7/13/2021,2021, 13 ,Tue," 4,059 "," 6,065 "," 101,319 ", 28 , 25 , 687 , 17 , 459 ," 1,921,174 "," 992,870 ",0.516803787683989," 2,892,839 "," 106,008 "," 2,786,831.03 "," 422,658.28 ", 0.22 , 0.30 
7/14/2021,2021, 14 ,Wed," 4,064 "," 6,057 "," 101,901 ", 28 , 25 , 693 , 17 , 465 ," 1,923,084 "," 1,004,582 ",0.522380717638959," 2,925,169 "," 108,704 "," 2,816,465.10 "," 423,078.48 ", 0.22 , 0.30 
7/15/2021,2021, 15 ,Thu," 4,108 "," 6,159 "," 108,066 ", 26 , 26 , 684 , 18 , 456 ," 1,917,730 "," 1,005,675 ",0.524409066969803," 2,920,698 "," 112,316 "," 2,808,381.56 "," 421,900.60 ", 0.22 , 0.30 
7/16/2021,2021, 16 ,Fri," 4,089 "," 6,144 "," 89,713 ", 32 , 22 , 713 , 15 , 475 ," 2,015,995 "," 1,047,284 ",0.51948739952232," 3,027,710 "," 112,116 "," 2,915,593.74 "," 443,518.90 ", 0.22 , 0.30 
7/17/2021,2021, 17 ,Sat," 4,076 "," 6,110 "," 90,028 ", 30 , 22 , 666 , 15 , 444 ," 1,997,268 "," 980,532 ",0.490936619422131," 2,810,784 "," 97,236 "," 2,713,547.80 "," 439,398.96 ", 0.22 , 0.27 
7/18/2021,2021, 18 ,Sun," 4,097 "," 6,096 "," 99,135 ", 27 , 24 , 657 , 16 , 441 ," 1,919,188 "," 965,722 ",0.503193017046793," 2,794,888 "," 104,528 "," 2,690,360.09 "," 422,221.36 ", 0.22 , 0.28 
7/19/2021,2021, 19 ,Mon," 4,125 "," 6,136 "," 80,212 ", 31 , 19 , 597 , 13 , 401 ," 1,781,723 "," 882,763 ",0.49545468066585," 2,559,150 "," 96,036 "," 2,463,113.57 "," 391,979.06 ", 0.22 , 0.28 
7/20/2021,2021, 20 ,Tue," 4,097 "," 6,031 "," 85,154 ", 30 , 21 , 615 , 14 , 418 ," 1,897,476 "," 910,769 ",0.479989733730493," 2,612,938 "," 93,636 "," 2,519,301.51 "," 417,444.72 ", 0.22 , 0.26 
7/21/2021,2021, 21 ,Wed," 4,022 "," 5,964 "," 79,198 ", 27 , 20 , 530 , 13 , 358 ," 1,564,900 "," 774,522 ",0.4949338615886," 2,213,489 "," 81,196 "," 2,132,292.82 "," 344,278.00 ", 0.22 , 0.27 
7/22/2021,2021, 22 ,Thu," 3,971 "," 5,888 "," 77,410 ", 28 , 19 , 552 , 13 , 372 ," 1,648,483 "," 793,478 ",0.481338297088899," 2,278,629 "," 85,780 "," 2,192,848.53 "," 362,666.26 ", 0.22 , 0.26 
7/23/2021,2021, 23 ,Fri," 3,936 "," 5,836 "," 78,466 ", 30 , 20 , 591 , 13 , 399 ," 1,743,883 "," 832,596 ",0.477437993259869," 2,415,439 "," 87,704 "," 2,327,735.32 "," 383,654.26 ", 0.22 , 0.26 
7/24/2021,2021, 24 ,Sat," 3,972 "," 5,866 "," 81,648 ", 32 , 21 , 661 , 14 , 448 ," 1,930,996 "," 936,080 ",0.484765374967115," 2,725,704 "," 100,064 "," 2,625,639.77 "," 424,819.12 ", 0.22 , 0.26 
7/25/2021,2021, 25 ,Sun," 4,034 "," 6,015 "," 90,513 ", 31 , 22 , 696 , 15 , 467 ," 2,029,073 "," 999,714 ",0.492694940004623," 2,927,331 "," 118,252 "," 2,809,079.38 "," 446,396.06 ", 0.22 , 0.27 
7/26/2021,2021, 26 ,Mon," 4,029 "," 5,953 "," 89,880 ", 30 , 22 , 672 , 15 , 455 ," 1,947,674 "," 963,178 ",0.494527318226767," 2,817,687 "," 109,756 "," 2,707,930.70 "," 428,488.28 ", 0.22 , 0.27 
7/27/2021,2021, 27 ,Tue," 4,050 "," 5,933 "," 90,631 ", 28 , 22 , 626 , 15 , 428 ," 1,830,125 "," 903,064 ",0.493443890444642," 2,635,807 "," 99,100 "," 2,536,707.46 "," 402,627.50 ", 0.22 , 0.27 
7/28/2021,2021, 28 ,Wed," 4,086 "," 5,991 "," 92,953 ", 28 , 23 , 644 , 16 , 439 ," 1,865,223 "," 937,158 ",0.502437510152942," 2,733,725 "," 102,632 "," 2,631,093.20 "," 410,349.06 ", 0.22 , 0.28 
7/29/2021,2021, 29 ,Thu," 4,085 "," 5,963 "," 100,289 ", 25 , 25 , 621 , 17 , 425 ," 1,765,120 "," 904,881 ",0.512645599166062," 2,635,704 "," 99,328 "," 2,536,376.24 "," 388,326.40 ", 0.22 , 0.29 
7/30/2021,2021, 30 ,Fri," 4,084 "," 6,102 "," 92,915 ", 31 , 23 , 694 , 15 , 465 ," 1,956,665 "," 1,011,236 ",0.516816113131272," 2,939,771 "," 104,604 "," 2,835,166.85 "," 430,466.30 ", 0.22 , 0.30 
7/31/2021,2021, 31 ,Sat," 4,069 "," 6,039 "," 96,567 ", 31 , 24 , 725 , 16 , 489 ," 2,057,479 "," 1,054,054 ",0.512303649271754," 3,058,527 "," 106,648 "," 2,951,879.10 "," 452,645.38 ", 0.22 , 0.29 
8/1/2021,2021, 1 ,Sun," 4,080 "," 6,017 "," 100,240 ", 29 , 25 , 715 , 17 , 485 ," 1,987,274 "," 1,031,586 ",0.519096007898257," 3,036,067 "," 117,252 "," 2,918,814.70 "," 476,945.76 ", 0.24 , 0.28 
8/2/2021,2021, 2 ,Mon," 4,081 "," 6,022 "," 98,152 ", 29 , 24 , 692 , 16 , 469 ," 1,931,615 "," 999,074 ",0.517222117243861," 2,932,762 "," 109,632 "," 2,823,130.41 "," 463,587.60 ", 0.24 , 0.28 
8/3/2021,2021, 3 ,Tue," 4,103 "," 6,003 "," 97,813 ", 28 , 24 , 665 , 16 , 455 ," 1,893,859 "," 970,505 ",0.512448392409361," 2,833,874 "," 105,052 "," 2,728,822.34 "," 454,526.16 ", 0.24 , 0.27 
8/4/2021,2021, 4 ,Wed," 4,098 "," 6,016 "," 98,421 ", 28 , 24 , 683 , 16 , 465 ," 1,929,569 "," 994,388 ",0.51534202715736," 2,905,280 "," 107,472 "," 2,797,808.01 "," 463,096.56 ", 0.24 , 0.28 
8/5/2021,2021, 5 ,Thu," 4,117 "," 6,082 "," 105,210 ", 25 , 26 , 642 , 17 , 435 ," 1,806,935 "," 937,723 ",0.518957793169096," 2,747,140 "," 103,544 "," 2,643,596.44 "," 433,664.40 ", 0.24 , 0.28 
8/6/2021,2021, 6 ,Fri," 4,098 "," 6,097 "," 93,441 ", 31 , 23 , 715 , 15 , 480 ," 1,990,014 "," 1,040,941 ",0.523082249672615," 3,037,908 "," 109,640 "," 2,928,268.07 "," 477,603.36 ", 0.24 , 0.28 
8/7/2021,2021, 7 ,Sat," 4,086 "," 6,070 "," 94,096 ", 31 , 23 , 711 , 16 , 478 ," 2,048,941 "," 1,037,519 ",0.506368411779549," 3,008,496 "," 104,384 "," 2,904,111.53 "," 491,745.84 ", 0.24 , 0.27 
8/8/2021,2021, 8 ,Sun," 4,089 "," 6,051 "," 100,372 ", 29 , 25 , 705 , 17 , 476 ," 1,974,585 "," 1,019,445 ",0.51628316836196," 2,996,065 "," 114,108 "," 2,881,957.09 "," 473,900.40 ", 0.24 , 0.28 
8/9/2021,2021, 9 ,Mon," 4,089 "," 6,031 "," 99,251 ", 29 , 24 , 706 , 16 , 478 ," 1,975,602 "," 1,023,162 ",0.517898848047329," 2,998,054 "," 112,252 "," 2,885,801.94 "," 474,144.48 ", 0.24 , 0.28 
8/10/2021,2021, 10 ,Tue," 4,071 "," 5,965 "," 98,242 ", 28 , 24 , 688 , 16 , 469 ," 1,917,926 "," 993,623 ",0.518071604431036," 2,908,682 "," 109,508 "," 2,799,174.23 "," 460,302.24 ", 0.24 , 0.28 
8/11/2021,2021, 11 ,Wed," 4,047 "," 5,956 "," 104,208 ", 28 , 26 , 716 , 17 , 486 ," 1,943,517 "," 1,029,576 ",0.529748903662793," 3,010,400 "," 113,536 "," 2,896,864.03 "," 466,444.08 ", 0.24 , 0.29 
8/12/2021,2021, 12 ,Thu," 4,067 "," 6,029 "," 89,098 ", 30 , 22 , 655 , 15 , 442 ," 1,811,012 "," 949,650 ",0.524375321643368," 2,771,068 "," 105,760 "," 2,665,307.84 "," 434,642.88 ", 0.24 , 0.28 
8/13/2021,2021, 13 ,Fri," 4,063 "," 6,043 "," 92,099 ", 30 , 23 , 674 , 15 , 453 ," 1,939,909 "," 974,727 ",0.502460166945975," 2,841,069 "," 101,788 "," 2,739,280.97 "," 465,578.16 ", 0.24 , 0.26 
8/14/2021,2021, 14 ,Sat," 4,070 "," 6,051 "," 93,122 ", 32 , 23 , 730 , 15 , 491 ," 2,077,598 "," 1,060,441 ",0.510416837135962," 3,078,778 "," 109,416 "," 2,969,361.87 "," 498,623.52 ", 0.24 , 0.27 
8/15/2021,2021, 15 ,Sun," 4,066 "," 6,036 "," 100,764 ", 30 , 25 , 737 , 17 , 497 ," 2,060,765 "," 1,064,746 ",0.516675118220661," 3,120,514 "," 122,572 "," 2,997,941.67 "," 494,583.60 ", 0.24 , 0.28 
8/16/2021,2021, 16 ,Mon," 4,052 "," 5,996 "," 99,057 ", 30 , 24 , 745 , 17 , 503 ," 2,041,989 "," 1,068,545 ",0.523286364422139," 3,138,502 "," 119,728 "," 3,018,773.53 "," 490,077.36 ", 0.24 , 0.28 
8/17/2021,2021, 17 ,Tue," 4,032 "," 5,945 "," 97,026 ", 29 , 24 , 709 , 16 , 481 ," 1,945,366 "," 1,011,085 ",0.519740244252238," 2,970,985 "," 112,320 "," 2,858,665.06 "," 466,887.84 ", 0.24 , 0.28 
8/18/2021,2021, 18 ,Wed," 4,033 "," 5,976 "," 98,214 ", 30 , 24 , 725 , 16 , 489 ," 1,977,716 "," 1,037,615 ",0.524653185796141," 3,037,392 "," 114,092 "," 2,923,299.84 "," 474,651.84 ", 0.24 , 0.28 
8/19/2021,2021, 19 ,Thu," 4,059 "," 5,956 "," 105,261 ", 27 , 26 , 713 , 18 , 486 ," 1,926,975 "," 1,029,163 ",0.534082175430403," 3,007,944 "," 115,440 "," 2,892,504.44 "," 462,474.00 ", 0.24 , 0.29 
8/20/2021,2021, 20 ,Fri," 4,058 "," 6,040 "," 87,520 ", 37 , 22 , 800 , 14 , 537 ," 2,168,370 "," 1,157,199 ",0.533672297624483," 3,368,349 "," 123,576 "," 3,244,773.07 "," 520,408.80 ", 0.24 , 0.29 
8/21/2021,2021, 21 ,Sat," 3,981 "," 5,858 "," 89,066 ", 29 , 22 , 652 , 15 , 443 ," 1,777,569 "," 926,431 ",0.521178643416936," 2,691,770 "," 98,076 "," 2,593,693.97 "," 426,616.56 ", 0.24 , 0.28 
8/22/2021,2021, 22 ,Sun," 3,996 "," 5,865 "," 96,553 ", 30 , 24 , 731 , 16 , 498 ," 1,984,330 "," 1,038,514 ",0.52335750605998," 3,039,291 "," 118,460 "," 2,920,831.10 "," 476,239.20 ", 0.24 , 0.28 
8/23/2021,2021, 23 ,Mon," 4,067 "," 5,945 "," 96,196 ", 30 , 24 , 712 , 16 , 487 ," 1,956,599 "," 1,025,463 ",0.524104837015658," 3,010,968 "," 116,416 "," 2,894,551.58 "," 469,583.76 ", 0.24 , 0.28 
8/24/2021,2021, 24 ,Tue," 4,180 "," 5,971 "," 97,768 ", 29 , 23 , 678 , 16 , 474 ," 1,936,315 "," 1,007,169 ",0.520147290084516," 2,944,551 "," 111,880 "," 2,832,671.26 "," 464,715.60 ", 0.24 , 0.28 
8/25/2021,2021, 25 ,Wed," 4,226 "," 6,089 "," 100,109 ", 29 , 24 , 684 , 16 , 475 ," 1,955,479 "," 1,024,320 ",0.523820506382324," 3,005,088 "," 114,704 "," 2,890,384.08 "," 469,314.96 ", 0.24 , 0.28 
8/26/2021,2021, 26 ,Thu," 4,253 "," 6,100 "," 109,448 ", 26 , 26 , 673 , 18 , 469 ," 1,879,899 "," 1,009,793 ",0.537152793846903," 2,976,188 "," 114,596 "," 2,861,592.10 "," 451,175.76 ", 0.24 , 0.30 
8/27/2021,2021, 27 ,Fri," 4,257 "," 6,204 "," 99,149 ", 32 , 23 , 756 , 16 , 519 ," 2,109,618 "," 1,140,727 ",0.54072680456841," 3,340,087 "," 122,208 "," 3,217,879.39 "," 506,308.32 ", 0.24 , 0.30 
8/28/2021,2021, 28 ,Sat," 4,269 "," 6,128 "," 99,547 ", 32 , 23 , 749 , 16 , 522 ," 2,155,188 "," 1,140,593 ",0.529231324599061," 3,315,768 "," 118,464 "," 3,197,304.12 "," 517,245.12 ", 0.24 , 0.29 
8/29/2021,2021, 29 ,Sun," 4,267 "," 6,132 "," 106,095 ", 29 , 25 , 731 , 17 , 509 ," 2,062,410 "," 1,100,873 ",0.533779898274349," 3,245,090 "," 125,840 "," 3,119,250.49 "," 494,978.40 ", 0.24 , 0.29 
8/30/2021,2021, 30 ,Mon," 4,241 "," 6,079 "," 105,276 ", 29 , 25 , 724 , 17 , 505 ," 2,014,786 "," 1,084,435 ",0.538238304216924," 3,191,410 "," 121,072 "," 3,070,337.61 "," 483,548.64 ", 0.24 , 0.30 
8/31/2021,2021, 31 ,Tue," 4,207 "," 6,078 "," 108,418 ", 28 , 26 , 728 , 18 , 504 ," 1,996,101 "," 1,082,135 ",0.542124371462166," 3,182,568 "," 118,724 "," 3,063,843.61 "," 479,064.24 ", 0.24 , 0.30 
9/1/2021,2021, 1 ,Wed," 4,243 "," 6,149 "," 109,065 ", 29 , 26 , 738 , 18 , 509 ," 2,013,912 "," 1,104,372 ",0.548371527653641," 3,251,822 "," 121,860 "," 3,129,962.28 "," 483,338.88 ", 0.24 , 0.31 
9/2/2021,2021, 2 ,Thu," 4,297 "," 6,176 "," 115,081 ", 26 , 27 , 708 , 19 , 493 ," 1,955,434 "," 1,073,769 ",0.549120553288937," 3,164,209 "," 119,968 "," 3,044,241.36 "," 449,749.82 ", 0.23 , 0.32 
9/3/2021,2021, 3 ,Fri," 4,320 "," 6,279 "," 106,270 ", 32 , 25 , 775 , 17 , 533 ," 2,137,554 "," 1,183,919 ",0.553866241507817," 3,471,509 "," 123,596 "," 3,347,913.34 "," 491,637.42 ", 0.23 , 0.32 
9/4/2021,2021, 4 ,Sat," 4,273 "," 6,124 "," 102,419 ", 28 , 24 , 681 , 17 , 475 ," 1,922,852 "," 1,039,696 ",0.540705160875616," 3,012,110 "," 103,004 "," 2,909,105.88 "," 442,255.96 ", 0.23 , 0.31 
9/5/2021,2021, 5 ,Sun," 4,303 "," 6,168 "," 109,435 ", 32 , 25 , 820 , 18 , 572 ," 2,307,921 "," 1,238,719 ",0.536725043881485," 3,669,727 "," 141,156 "," 3,528,571.01 "," 530,821.83 ", 0.23 , 0.31 
9/6/2021,2021, 6 ,Mon," 4,309 "," 6,247 "," 107,584 ", 30 , 25 , 741 , 17 , 511 ," 2,070,381 "," 1,126,655 ",0.54417761754962," 3,321,381 "," 127,552 "," 3,193,828.88 "," 476,187.63 ", 0.23 , 0.31 
9/7/2021,2021, 7 ,Tue," 4,303 "," 6,227 "," 107,731 ", 28 , 25 , 711 , 17 , 491 ," 1,992,603 "," 1,077,691 ",0.54084581825883," 3,180,195 "," 120,620 "," 3,059,574.77 "," 458,298.69 ", 0.23 , 0.31 
9/8/2021,2021, 8 ,Wed," 4,282 "," 6,197 "," 108,727 ", 29 , 25 , 730 , 18 , 504 ," 2,025,231 "," 1,101,059 ",0.543670820760693," 3,248,868 "," 122,920 "," 3,125,948.32 "," 465,803.13 ", 0.23 , 0.31 
9/9/2021,2021, 9 ,Thu," 4,270 "," 6,215 "," 118,716 ", 26 , 28 , 723 , 19 , 496 ," 1,955,928 "," 1,084,786 ",0.554614484786761," 3,209,022 "," 123,384 "," 3,085,637.67 "," 449,863.44 ", 0.23 , 0.32 
9/10/2021,2021, 10 ,Fri," 4,267 "," 6,279 "," 112,188 ", 31 , 26 , 822 , 18 , 559 ," 2,183,511 "," 1,234,386 ",0.565321631079486," 3,638,368 "," 130,856 "," 3,507,511.96 "," 502,207.53 ", 0.23 , 0.34 
9/11/2021,2021, 11 ,Sat," 4,236 "," 6,192 "," 108,366 ", 32 , 26 , 809 , 18 , 554 ," 2,206,771 "," 1,218,136 ",0.551999278583958," 3,556,145 "," 128,068 "," 3,428,076.81 "," 507,557.33 ", 0.23 , 0.32 
9/12/2021,2021, 12 ,Sun," 4,233 "," 6,173 "," 114,318 ", 29 , 27 , 793 , 19 , 544 ," 2,131,714 "," 1,181,757 ",0.554369394768717," 3,497,231 "," 138,944 "," 3,358,286.69 "," 490,294.22 ", 0.23 , 0.32 
9/13/2021,2021, 13 ,Mon," 4,277 "," 6,286 "," 113,574 ", 29 , 27 , 781 , 18 , 532 ," 2,124,588 "," 1,174,907 ",0.553004629603481," 3,477,481 "," 135,856 "," 3,341,625.49 "," 488,655.24 ", 0.23 , 0.32 
9/14/2021,2021, 14 ,Tue," 4,308 "," 6,267 "," 113,839 ", 29 , 26 , 753 , 18 , 518 ," 2,057,576 "," 1,140,453 ",0.554270170336357," 3,376,938 "," 131,564 "," 3,245,374.34 "," 473,242.48 ", 0.23 , 0.32 
9/15/2021,2021, 15 ,Wed," 4,281 "," 6,295 "," 114,885 ", 29 , 27 , 783 , 18 , 533 ," 2,103,679 "," 1,181,898 ",0.561824308746724," 3,489,355 "," 135,560 "," 3,353,794.80 "," 483,846.17 ", 0.23 , 0.33 
9/16/2021,2021, 16 ,Thu," 4,295 "," 6,367 "," 122,481 ", 27 , 29 , 756 , 19 , 510 ," 2,008,928 "," 1,146,319 ",0.570612286751939," 3,382,807 "," 134,396 "," 3,248,411.37 "," 462,053.44 ", 0.23 , 0.34 
9/17/2021,2021, 17 ,Fri," 4,342 "," 6,460 "," 113,408 ", 32 , 26 , 849 , 18 , 570 ," 2,273,433 "," 1,307,801 ",0.57525381218624," 3,829,793 "," 144,600 "," 3,685,193.23 "," 522,889.59 ", 0.23 , 0.35 
9/18/2021,2021, 18 ,Sat," 4,356 "," 6,406 "," 110,209 ", 32 , 25 , 818 , 17 , 556 ," 2,311,888 "," 1,275,389 ",0.551665565113881," 3,697,895 "," 134,020 "," 3,563,875.35 "," 531,734.24 ", 0.23 , 0.32 
9/19/2021,2021, 19 ,Sun," 4,345 "," 6,435 "," 115,564 ", 30 , 27 , 789 , 18 , 533 ," 2,187,178 "," 1,214,565 ",0.555311456132057," 3,573,092 "," 143,980 "," 3,429,111.66 "," 503,050.94 ", 0.23 , 0.33 
9/20/2021,2021, 20 ,Mon," 4,370 "," 6,462 "," 108,516 ", 34 , 25 , 848 , 17 , 574 ," 2,341,126 "," 1,308,086 ",0.558742246252444," 3,860,017 "," 154,052 "," 3,705,964.59 "," 538,458.98 ", 0.23 , 0.33 
9/21/2021,2021, 21 ,Tue," 4,342 "," 6,393 "," 113,611 ", 26 , 26 , 673 , 18 , 457 ," 1,839,610 "," 1,029,578 ",0.559671886976044," 3,042,816 "," 122,780 "," 2,920,035.64 "," 423,110.30 ", 0.23 , 0.33 
9/22/2021,2021, 22 ,Wed," 4,409 "," 6,383 "," 115,902 ", 30 , 26 , 783 , 18 , 541 ," 2,153,904 "," 1,227,197 ",0.569754733730008," 3,599,317 "," 145,252 "," 3,454,065.16 "," 495,397.92 ", 0.23 , 0.34 
9/23/2021,2021, 23 ,Thu," 4,411 "," 6,506 "," 125,771 ", 27 , 29 , 766 , 19 , 519 ," 2,085,051 "," 1,198,456 ",0.574784981278635," 3,523,221 "," 145,760 "," 3,377,460.62 "," 479,561.73 ", 0.23 , 0.34 
9/24/2021,2021, 24 ,Fri," 4,382 "," 6,519 "," 119,400 ", 32 , 27 , 884 , 18 , 594 ," 2,338,455 "," 1,377,751 ",0.589171482880791," 4,033,000 "," 158,000 "," 3,875,000.07 "," 537,844.65 ", 0.23 , 0.36 
9/25/2021,2021, 25 ,Sat," 4,379 "," 6,473 "," 117,499 ", 33 , 27 , 882 , 18 , 597 ," 2,437,066 "," 1,387,671 ",0.569402305887489," 4,013,081 "," 150,000 "," 3,863,081.44 "," 560,525.18 ", 0.23 , 0.34 
9/26/2021,2021, 26 ,Sun," 4,377 "," 6,462 "," 121,256 ", 30 , 28 , 840 , 19 , 569 ," 2,293,379 "," 1,309,525 ",0.571002437887501," 3,833,940 "," 159,016 "," 3,674,924.42 "," 527,477.17 ", 0.23 , 0.34 
9/27/2021,2021, 27 ,Mon," 4,378 "," 6,414 "," 120,616 ", 30 , 28 , 833 , 19 , 569 ," 2,242,221 "," 1,295,025 ",0.577563496194175," 3,801,681 "," 153,952 "," 3,647,729.14 "," 515,710.83 ", 0.23 , 0.35 
9/28/2021,2021, 28 ,Tue," 4,325 "," 6,390 "," 123,330 ", 30 , 29 , 846 , 19 , 573 ," 2,236,812 "," 1,299,680 ",0.581041231896109," 3,812,584 "," 153,308 "," 3,659,275.82 "," 514,466.76 ", 0.23 , 0.35 
9/29/2021,2021, 29 ,Wed," 4,218 "," 6,265 "," 125,534 ", 30 , 30 , 889 , 20 , 599 ," 2,234,750 "," 1,329,891 ",0.595096095760152," 3,907,612 "," 156,324 "," 3,751,288.26 "," 513,992.50 ", 0.23 , 0.37 
9/30/2021,2021, 30 ,Thu," 4,261 "," 6,277 "," 131,695 ", 28 , 31 , 863 , 21 , 586 ," 2,132,737 "," 1,303,440 ",0.611158337854128," 3,833,731 "," 157,456 "," 3,676,274.58 "," 490,529.51 ", 0.23 , 0.38 
10/1/2021,2021, 1 ,Fri," 4,310 "," 6,435 "," 126,227 ", 33 , 29 , 971 , 20 , 650 ," 2,393,222 "," 1,493,300 ",0.623970530105439," 4,354,425 "," 168,800 "," 4,185,624.92 "," 550,441.06 ", 0.23 , 0.39 
10/2/2021,2021, 2 ,Sat," 4,321 "," 6,515 "," 122,487 ", 35 , 28 , 989 , 19 , 656 ," 2,549,687 "," 1,534,744 ",0.601934276638662," 4,436,264 "," 163,452 "," 4,272,812.48 "," 586,428.01 ", 0.23 , 0.37 
10/3/2021,2021, 3 ,Sun," 4,322 "," 6,459 "," 124,457 ", 31 , 29 , 905 , 19 , 606 ," 2,347,259 "," 1,392,310 ",0.593164197048557," 4,077,424 "," 165,124 "," 3,912,300.45 "," 539,869.57 ", 0.23 , 0.36 
10/4/2021,2021, 4 ,Mon," 4,347 "," 6,468 "," 121,860 ", 31 , 28 , 878 , 19 , 590 ," 2,288,205 "," 1,355,679 ",0.592463961926488," 3,977,670 "," 161,056 "," 3,816,614.05 "," 526,287.15 ", 0.23 , 0.36 
10/5/2021,2021, 5 ,Tue," 4,388 "," 6,560 "," 124,483 ", 30 , 28 , 865 , 19 , 578 ," 2,289,153 "," 1,344,812 ",0.587471435941591," 3,953,787 "," 159,080 "," 3,794,706.58 "," 526,505.19 ", 0.23 , 0.36 
10/6/2021,2021, 6 ,Wed," 4,426 "," 6,574 "," 125,845 ", 31 , 28 , 877 , 19 , 590 ," 2,326,753 "," 1,380,373 ",0.593261510783482," 4,043,154 "," 161,856 "," 3,881,298.47 "," 535,153.19 ", 0.23 , 0.36 
10/7/2021,2021, 7 ,Thu," 4,445 "," 6,636 "," 129,350 ", 29 , 29 , 838 , 19 , 561 ," 2,215,795 "," 1,320,465 ",0.595932836747082," 3,885,301 "," 161,368 "," 3,723,932.66 "," 509,632.85 ", 0.23 , 0.37 
10/8/2021,2021, 8 ,Fri," 4,395 "," 6,627 "," 126,382 ", 33 , 29 , 960 , 19 , 637 ," 2,478,420 "," 1,510,275 ",0.609370082552594," 4,394,448 "," 173,120 "," 4,221,327.58 "," 570,036.60 ", 0.23 , 0.38 
10/9/2021,2021, 9 ,Sat," 4,381 "," 6,605 "," 123,383 ", 34 , 28 , 949 , 19 , 630 ," 2,523,573 "," 1,496,191 ",0.592885959708715," 4,320,213 "," 162,204 "," 4,158,009.30 "," 580,421.79 ", 0.23 , 0.36 
10/10/2021,2021, 10 ,Sun," 4,402 "," 6,581 "," 125,605 ", 32 , 29 , 911 , 19 , 609 ," 2,422,823 "," 1,430,095 ",0.590259791986456," 4,184,584 "," 174,040 "," 4,010,543.91 "," 557,249.29 ", 0.23 , 0.36 
10/11/2021,2021, 11 ,Mon," 4,394 "," 6,559 "," 124,850 ", 31 , 28 , 879 , 19 , 589 ," 2,319,576 "," 1,373,038 ",0.59193490534477," 4,027,919 "," 166,304 "," 3,861,614.66 "," 533,502.48 ", 0.23 , 0.36 
10/12/2021,2021, 12 ,Tue," 4,420 "," 6,624 "," 124,574 ", 31 , 28 , 876 , 19 , 584 ," 2,311,812 "," 1,376,419 ",0.595385351404007," 4,035,650 "," 165,496 "," 3,870,154.40 "," 531,716.76 ", 0.23 , 0.37 
10/13/2021,2021, 13 ,Wed," 4,427 "," 6,605 "," 126,136 ", 31 , 28 , 890 , 19 , 596 ," 2,359,972 "," 1,410,924 ",0.597856245752068," 4,108,102 "," 168,816 "," 3,939,286.36 "," 542,793.56 ", 0.23 , 0.37 
10/14/2021,2021, 14 ,Thu," 4,425 "," 6,650 "," 131,642 ", 29 , 30 , 871 , 20 , 580 ," 2,276,153 "," 1,374,947 ",0.60406615899722," 4,024,850 "," 170,388 "," 3,854,461.96 "," 523,515.19 ", 0.23 , 0.37 
10/15/2021,2021, 15 ,Fri," 4,467 "," 6,708 "," 130,014 ", 34 , 29 , 982 , 19 , 654 ," 2,555,914 "," 1,577,145 ",0.617057146680209," 4,573,606 "," 185,580 "," 4,388,025.69 "," 587,860.22 ", 0.23 , 0.39 
10/16/2021,2021, 16 ,Sat," 4,455 "," 6,703 "," 126,517 ", 36 , 28 ," 1,020 ", 19 , 678 ," 2,705,347 "," 1,649,800 ",0.60982934906317," 4,729,740 "," 184,224 "," 4,545,515.65 "," 622,229.81 ", 0.23 , 0.38 
10/17/2021,2021, 17 ,Sun," 4,457 "," 6,690 "," 128,773 ", 33 , 29 , 953 , 19 , 635 ," 2,516,049 "," 1,524,790 ",0.606025558325772," 4,438,435 "," 192,852 "," 4,245,582.62 "," 578,691.27 ", 0.23 , 0.38 
10/18/2021,2021, 18 ,Mon," 4,470 "," 6,701 "," 124,325 ", 33 , 28 , 922 , 19 , 615 ," 2,434,490 "," 1,478,398 ",0.607272159672046," 4,309,489 "," 186,500 "," 4,122,989.08 "," 559,932.70 ", 0.23 , 0.38 
10/19/2021,2021, 19 ,Tue," 4,470 "," 6,652 "," 124,147 ", 32 , 28 , 894 , 19 , 601 ," 2,346,835 "," 1,435,602 ",0.611718335545533," 4,172,153 "," 176,120 "," 3,996,032.73 "," 539,772.05 ", 0.23 , 0.38 
10/20/2021,2021, 20 ,Wed," 4,458 "," 6,645 "," 118,243 ", 37 , 27 , 994 , 18 , 667 ," 2,578,410 "," 1,597,173 ",0.619441050880194," 4,630,220 "," 198,436 "," 4,431,784.33 "," 593,034.30 ", 0.23 , 0.39 
10/21/2021,2021, 21 ,Thu," 4,413 "," 6,617 "," 111,633 ", 29 , 25 , 737 , 17 , 491 ," 1,934,965 "," 1,169,746 ",0.604530831307026," 3,400,054 "," 147,836 "," 3,252,217.81 "," 445,041.95 ", 0.23 , 0.37 
10/22/2021,2021, 22 ,Fri," 4,366 "," 6,510 "," 119,574 ", 32 , 27 , 887 , 18 , 595 ," 2,362,490 "," 1,404,058 ",0.594312780159916," 4,040,005 "," 165,504 "," 3,874,500.75 "," 543,372.70 ", 0.23 , 0.36 
10/23/2021,2021, 23 ,Sat," 4,425 "," 6,546 "," 118,047 ", 36 , 27 , 965 , 18 , 652 ," 2,602,444 "," 1,557,277 ",0.598390205514509," 4,446,665 "," 178,476 "," 4,268,188.86 "," 598,562.12 ", 0.23 , 0.37 
10/24/2021,2021, 24 ,Sun," 4,462 "," 6,580 "," 120,755 ", 34 , 27 , 923 , 18 , 626 ," 2,476,934 "," 1,488,814 ",0.601071324468072," 4,309,408 "," 189,096 "," 4,120,312.48 "," 569,694.82 ", 0.23 , 0.37 
10/25/2021,2021, 25 ,Mon," 4,488 "," 6,616 "," 123,187 ", 34 , 27 , 929 , 19 , 630 ," 2,463,334 "," 1,507,654 ",0.612037994035726," 4,360,587 "," 191,324 "," 4,169,263.42 "," 566,566.82 ", 0.23 , 0.38 
10/26/2021,2021, 26 ,Tue," 4,485 "," 6,607 "," 125,059 ", 32 , 28 , 900 , 19 , 611 ," 2,388,796 "," 1,456,567 ",0.609749430256916," 4,216,321 "," 181,872 "," 4,034,449.28 "," 549,423.08 ", 0.23 , 0.38 
10/27/2021,2021, 27 ,Wed," 4,519 "," 6,705 "," 126,224 ", 33 , 28 , 928 , 19 , 626 ," 2,461,679 "," 1,524,623 ",0.619342733150829," 4,380,446 "," 185,008 "," 4,195,437.80 "," 566,186.17 ", 0.23 , 0.39 
10/28/2021,2021, 28 ,Thu," 4,545 "," 6,717 "," 130,706 ", 31 , 29 , 888 , 19 , 601 ," 2,350,137 "," 1,471,454 ",0.626114137175833," 4,222,162 "," 184,160 "," 4,038,002.49 "," 540,531.51 ", 0.23 , 0.40 
10/29/2021,2021, 29 ,Fri," 4,517 "," 6,719 "," 130,971 ", 36 , 29 ," 1,038 ", 19 , 698 ," 2,672,802 "," 1,713,465 ",0.641074423021234," 4,890,096 "," 202,004 "," 4,688,092.46 "," 614,744.46 ", 0.23 , 0.41 
10/30/2021,2021, 30 ,Sat," 4,509 "," 6,688 "," 127,631 ", 37 , 28 ," 1,044 ", 19 , 704 ," 2,753,609 "," 1,736,319 ",0.630561201681139," 4,903,965 "," 195,488 "," 4,708,476.55 "," 633,330.07 ", 0.23 , 0.40 
10/31/2021,2021, 31 ,Sun," 4,507 "," 6,704 "," 128,421 ", 35 , 28 , 987 , 19 , 663 ," 2,594,365 "," 1,627,902 ",0.627476087597543," 4,649,102 "," 201,024 "," 4,448,077.56 "," 596,703.95 ", 0.23 , 0.40 
11/1/2021,2021, 1 ,Mon," 4,525 "," 6,765 "," 127,215 ", 34 , 28 , 965 , 19 , 646 ," 2,530,234 "," 1,591,942 ",0.629167895143295," 4,565,262 "," 197,028 "," 4,368,234.43 "," 581,953.82 ", 0.23 , 0.40 
11/2/2021,2021, 2 ,Tue," 4,503 "," 6,684 "," 122,520 ", 34 , 27 , 927 , 18 , 625 ," 2,454,799 "," 1,518,058 ",0.618404195211095," 4,359,669 "," 184,940 "," 4,174,728.77 "," 564,603.77 ", 0.23 , 0.39 
11/3/2021,2021, 3 ,Wed," 4,493 "," 6,727 "," 122,488 ", 34 , 27 , 931 , 18 , 622 ," 2,455,462 "," 1,521,638 ",0.619695193816887," 4,369,310 "," 185,028 "," 4,184,282.43 "," 564,756.26 ", 0.23 , 0.39 
11/4/2021,2021, 4 ,Thu," 4,553 "," 6,725 "," 124,871 ", 31 , 27 , 859 , 19 , 581 ," 2,294,314 "," 1,418,384 ",0.618217035680382," 4,082,985 "," 173,760 "," 3,909,225.07 "," 527,692.22 ", 0.23 , 0.39 
11/5/2021,2021, 5 ,Fri," 4,536 "," 6,738 "," 128,009 ", 36 , 28 ," 1,008 ", 19 , 678 ," 2,623,993 "," 1,667,988 ",0.635667854296867," 4,759,109 "," 188,608 "," 4,570,500.54 "," 603,518.39 ", 0.23 , 0.41 
11/6/2021,2021, 6 ,Sat," 4,522 "," 6,680 "," 124,778 ", 37 , 28 ," 1,020 ", 19 , 691 ," 2,712,032 "," 1,692,887 ",0.6242135048554," 4,799,639 "," 186,684 "," 4,612,954.80 "," 623,767.36 ", 0.23 , 0.39 
11/7/2021,2021, 7 ,Sun," 4,570 "," 6,782 "," 126,156 ", 35 , 28 , 961 , 19 , 648 ," 2,574,348 "," 1,594,924 ",0.619544832322592," 4,596,180 "," 202,764 "," 4,393,415.52 "," 592,100.04 ", 0.23 , 0.39 
11/8/2021,2021, 8 ,Mon," 4,558 "," 6,757 "," 123,867 ", 35 , 27 , 943 , 18 , 636 ," 2,525,561 "," 1,565,232 ",0.6197561650659," 4,491,479 "," 194,980 "," 4,296,499.04 "," 580,879.03 ", 0.23 , 0.39 
11/9/2021,2021, 9 ,Tue," 4,540 "," 6,729 "," 122,627 ", 34 , 27 , 913 , 18 , 616 ," 2,428,153 "," 1,510,124 ",0.621922918366347," 4,332,182 "," 185,096 "," 4,147,085.88 "," 558,475.19 ", 0.23 , 0.39 
11/10/2021,2021, 10 ,Wed," 4,541 "," 6,780 "," 124,833 ", 34 , 27 , 927 , 18 , 621 ," 2,467,855 "," 1,533,889 ",0.621547457204738," 4,398,013 "," 188,208 "," 4,209,805.27 "," 567,606.65 ", 0.23 , 0.39 
11/11/2021,2021, 11 ,Thu," 4,606 "," 6,824 "," 126,117 ", 32 , 27 , 883 , 18 , 596 ," 2,387,923 "," 1,481,265 ",0.620315227919828," 4,251,007 "," 185,588 "," 4,065,418.73 "," 549,222.29 ", 0.23 , 0.39 
11/12/2021,2021, 12 ,Fri," 4,571 "," 6,832 "," 128,949 ", 36 , 28 ," 1,009 ", 19 , 675 ," 2,631,127 "," 1,687,335 ",0.641297436421731," 4,813,726 "," 200,608 "," 4,613,118.33 "," 605,159.21 ", 0.23 , 0.41 
11/13/2021,2021, 13 ,Sat," 4,605 "," 6,783 "," 124,443 ", 38 , 27 ," 1,032 ", 18 , 700 ," 2,798,114 "," 1,751,059 ",0.62579973510729," 4,947,804 "," 197,680 "," 4,750,124.12 "," 643,566.22 ", 0.23 , 0.40 
11/14/2021,2021, 14 ,Sun," 4,636 "," 6,816 "," 125,210 ", 36 , 27 , 978 , 18 , 665 ," 2,640,884 "," 1,657,938 ",0.627796601441033," 4,743,386 "," 207,548 "," 4,535,837.71 "," 607,403.32 ", 0.23 , 0.40 
11/15/2021,2021, 15 ,Mon," 4,616 "," 6,824 "," 124,264 ", 36 , 27 , 974 , 18 , 659 ," 2,624,110 "," 1,648,885 ",0.628359710530428," 4,699,929 "," 204,300 "," 4,495,629.01 "," 603,545.30 ", 0.23 , 0.40 
11/16/2021,2021, 16 ,Tue," 4,635 "," 6,836 "," 123,655 ", 35 , 27 , 926 , 18 , 628 ," 2,508,936 "," 1,574,697 ",0.62763538009738," 4,483,528 "," 192,288 "," 4,291,239.96 "," 577,055.28 ", 0.23 , 0.40 
11/17/2021,2021, 17 ,Wed," 4,660 "," 6,885 "," 122,004 ", 36 , 26 , 931 , 18 , 630 ," 2,559,669 "," 1,602,134 ",0.625914522541782," 4,534,072 "," 193,612 "," 4,340,460.43 "," 588,723.87 ", 0.23 , 0.40 
11/18/2021,2021, 18 ,Thu," 4,658 "," 6,888 "," 124,571 ", 33 , 27 , 879 , 18 , 594 ," 2,409,290 "," 1,507,440 ",0.625678104337792," 4,280,434 "," 186,036 "," 4,094,398.03 "," 554,136.70 ", 0.23 , 0.40 
11/19/2021,2021, 19 ,Fri," 4,657 "," 6,903 "," 123,055 ", 37 , 26 , 975 , 18 , 658 ," 2,650,372 "," 1,671,921 ",0.630825031354089," 4,739,631 "," 198,080 "," 4,541,550.52 "," 609,585.56 ", 0.23 , 0.40 
11/20/2021,2021, 20 ,Sat," 4,640 "," 6,888 "," 110,312 ", 45 , 24 ," 1,075 ", 16 , 724 ," 2,976,729 "," 1,844,079 ",0.619498449472559," 5,196,501 "," 210,072 "," 4,986,429.18 "," 684,647.67 ", 0.23 , 0.39 
11/21/2021,2021, 21 ,Sun," 4,680 "," 6,682 "," 115,030 ", 29 , 25 , 719 , 17 , 503 ," 2,007,076 "," 1,222,724 ",0.609206626953837," 3,518,278 "," 154,512 "," 3,363,766.17 "," 461,627.48 ", 0.23 , 0.38 
11/22/2021,2021, 22 ,Mon," 4,696 "," 6,657 "," 117,648 ", 34 , 25 , 861 , 18 , 608 ," 2,401,817 "," 1,475,645 ",0.614386941219918," 4,229,845 "," 184,412 "," 4,045,433.03 "," 552,417.91 ", 0.23 , 0.38 
11/23/2021,2021, 23 ,Tue," 4,791 "," 6,734 "," 121,381 ", 33 , 25 , 836 , 18 , 595 ," 2,411,415 "," 1,459,969 ",0.605440788914393," 4,182,587 "," 177,752 "," 4,004,835.47 "," 554,625.45 ", 0.23 , 0.38 
11/24/2021,2021, 24 ,Wed," 4,830 "," 6,770 "," 122,809 ", 33 , 25 , 840 , 18 , 600 ," 2,418,555 "," 1,479,405 ",0.611689624589889," 4,241,817 "," 182,228 "," 4,059,588.62 "," 556,267.65 ", 0.23 , 0.38 
11/25/2021,2021, 25 ,Thu," 4,874 "," 6,843 "," 126,519 ", 32 , 26 , 822 , 18 , 585 ," 2,354,332 "," 1,459,045 ",0.619727803895118," 4,188,124 "," 182,392 "," 4,005,732.16 "," 541,496.36 ", 0.23 , 0.39 
11/26/2021,2021, 26 ,Fri," 4,871 "," 6,873 "," 130,299 ", 35 , 27 , 944 , 19 , 669 ," 2,630,854 "," 1,678,068 ",0.637841552590908," 4,794,416 "," 195,420 "," 4,598,996.44 "," 605,096.42 ", 0.23 , 0.41 
11/27/2021,2021, 27 ,Sat," 4,857 "," 6,877 "," 125,929 ", 38 , 26 , 981 , 18 , 693 ," 2,795,552 "," 1,747,661 ",0.625157750598093," 4,962,352 "," 195,820 "," 4,766,531.66 "," 642,976.96 ", 0.23 , 0.40 
11/28/2021,2021, 28 ,Sun," 4,856 "," 6,897 "," 127,503 ", 35 , 26 , 915 , 18 , 644 ," 2,610,452 "," 1,622,079 ",0.621378596503594," 4,647,133 "," 202,360 "," 4,444,772.72 "," 600,403.96 ", 0.23 , 0.39 
11/29/2021,2021, 29 ,Mon," 4,841 "," 6,857 "," 127,510 ", 35 , 26 , 909 , 19 , 642 ," 2,564,531 "," 1,606,691 ",0.626504807311746," 4,594,831 "," 195,728 "," 4,399,103.14 "," 589,842.13 ", 0.23 , 0.40 
11/30/2021,2021, 30 ,Tue," 4,869 "," 6,891 "," 130,492 ", 32 , 27 , 867 , 19 , 613 ," 2,464,256 "," 1,546,351 ",0.627512320148556," 4,409,621 "," 186,468 "," 4,223,153.03 "," 566,778.88 ", 0.23 , 0.40 
12/1/2021,2021, 1 ,Wed," 4,878 "," 6,883 "," 122,038 ", 35 , 25 , 880 , 18 , 623 ," 2,516,850 "," 1,574,019 ",0.625392454854282," 4,477,870 "," 187,164 "," 4,290,705.80 "," 578,875.50 ", 0.23 , 0.40 
12/2/2021,2021, 2 ,Thu," 4,852 "," 6,818 "," 121,479 ", 34 , 25 , 846 , 18 , 602 ," 2,501,178 "," 1,512,123 ",0.60456432928804," 4,282,712 "," 175,792 "," 4,106,919.52 "," 575,270.94 ", 0.23 , 0.37 
12/3/2021,2021, 3 ,Fri," 4,809 "," 6,752 "," 124,685 ", 36 , 26 , 946 , 18 , 674 ," 2,743,097 "," 1,675,231 ",0.610707896950053," 4,733,581 "," 184,048 "," 4,549,532.54 "," 630,912.31 ", 0.23 , 0.38 
12/4/2021,2021, 4 ,Sat," 4,810 "," 6,801 "," 120,237 ", 39 , 25 , 979 , 18 , 692 ," 2,870,567 "," 1,753,610 ",0.61089324861604," 4,890,680 "," 183,724 "," 4,706,956.46 "," 660,230.41 ", 0.23 , 0.38 
12/5/2021,2021, 5 ,Sun," 4,833 "," 6,844 "," 124,508 ", 37 , 26 , 948 , 18 , 669 ," 2,750,505 "," 1,677,478 ",0.609880003853838," 4,785,990 "," 206,712 "," 4,579,278.44 "," 632,616.15 ", 0.23 , 0.38 
12/6/2021,2021, 6 ,Mon," 4,840 "," 6,822 "," 123,038 ", 35 , 25 , 893 , 18 , 633 ," 2,564,164 "," 1,570,835 ",0.612610971841115," 4,516,144 "," 195,676 "," 4,320,467.81 "," 589,757.72 ", 0.23 , 0.38 
12/7/2021,2021, 7 ,Tue," 4,837 "," 6,845 "," 124,473 ", 33 , 26 , 862 , 18 , 609 ," 2,494,274 "," 1,516,213 ",0.607877482586115," 4,355,790 "," 186,768 "," 4,169,021.84 "," 573,683.02 ", 0.23 , 0.38 
12/8/2021,2021, 8 ,Wed," 4,861 "," 6,903 "," 126,075 ", 34 , 26 , 869 , 18 , 612 ," 2,517,143 "," 1,540,107 ",0.61184724109834," 4,412,768 "," 187,068 "," 4,225,699.99 "," 578,942.89 ", 0.23 , 0.38 
12/9/2021,2021, 9 ,Thu," 4,877 "," 6,894 "," 131,168 ", 31 , 27 , 846 , 19 , 598 ," 2,444,719 "," 1,506,115 ",0.616068758822589," 4,310,098 "," 184,344 "," 4,125,754.45 "," 562,285.37 ", 0.23 , 0.39 
12/10/2021,2021, 10 ,Fri," 4,849 "," 6,882 "," 127,798 ", 37 , 26 , 964 , 19 , 679 ," 2,714,921 "," 1,713,915 ",0.631294612255753," 4,876,178 "," 200,356 "," 4,675,821.62 "," 624,431.83 ", 0.23 , 0.40 
12/11/2021,2021, 11 ,Sat," 4,851 "," 6,881 "," 122,470 ", 38 , 25 , 960 , 18 , 676 ," 2,816,568 "," 1,725,075 ",0.61247411743654," 4,844,064 "," 189,220 "," 4,654,844.27 "," 647,810.64 ", 0.23 , 0.38 
12/12/2021,2021, 12 ,Sun," 4,848 "," 6,872 "," 125,798 ", 34 , 26 , 892 , 18 , 629 ," 2,645,094 "," 1,591,655 ",0.601738539348696," 4,514,360 "," 190,796 "," 4,323,563.70 "," 608,371.62 ", 0.23 , 0.37 
12/13/2021,2021, 13 ,Mon," 4,848 "," 6,834 "," 123,620 ", 33 , 25 , 848 , 18 , 602 ," 2,507,940 "," 1,502,924 ",0.59926633013549," 4,294,025 "," 181,504 "," 4,112,520.88 "," 576,826.20 ", 0.23 , 0.37 
12/14/2021,2021, 14 ,Tue," 4,870 "," 6,866 "," 122,821 ", 33 , 25 , 839 , 18 , 595 ," 2,487,585 "," 1,491,401 ",0.599537704239252," 4,268,844 "," 180,564 "," 4,088,279.87 "," 572,144.55 ", 0.23 , 0.37 
12/15/2021,2021, 15 ,Wed," 4,882 "," 6,890 "," 124,927 ", 33 , 26 , 845 , 18 , 599 ," 2,501,287 "," 1,505,206 ",0.601772607461679," 4,306,674 "," 181,016 "," 4,125,657.78 "," 575,296.01 ", 0.23 , 0.37 
12/16/2021,2021, 16 ,Thu," 4,889 "," 6,925 "," 129,621 ", 32 , 27 , 849 , 19 , 599 ," 2,490,539 "," 1,516,433 ",0.60887743576792," 4,338,548 "," 187,180 "," 4,151,367.61 "," 572,823.97 ", 0.23 , 0.38 
12/17/2021,2021, 17 ,Fri," 4,875 "," 6,934 "," 125,944 ", 36 , 26 , 931 , 18 , 655 ," 2,683,168 "," 1,666,795 ",0.621204113942921," 4,736,634 "," 198,136 "," 4,538,497.56 "," 617,128.64 ", 0.23 , 0.39 
12/18/2021,2021, 18 ,Sat," 4,859 "," 6,930 "," 119,393 ", 37 , 25 , 914 , 17 , 641 ," 2,713,210 "," 1,639,078 ",0.604110260540098," 4,622,763 "," 182,200 "," 4,440,563.21 "," 624,038.30 ", 0.23 , 0.37 
12/19/2021,2021, 19 ,Sun," 4,848 "," 6,913 "," 118,956 ", 35 , 25 , 848 , 17 , 594 ," 2,541,889 "," 1,513,768 ",0.595528758336812," 4,289,276 "," 180,500 "," 4,108,775.73 "," 584,634.47 ", 0.23 , 0.37 
12/20/2021,2021, 20 ,Mon," 4,818 "," 6,882 "," 108,963 ", 42 , 23 , 947 , 16 , 663 ," 2,810,961 "," 1,670,852 ",0.594405970057927," 4,763,708 "," 199,356 "," 4,564,351.57 "," 646,521.03 ", 0.23 , 0.36 
12/21/2021,2021, 21 ,Tue," 4,732 "," 6,728 "," 108,649 ", 28 , 23 , 650 , 16 , 457 ," 1,931,342 "," 1,122,923 ",0.581421105117582," 3,212,017 "," 135,412 "," 3,076,604.97 "," 444,208.66 ", 0.23 , 0.35 
12/22/2021,2021, 22 ,Wed," 4,755 "," 6,673 "," 114,277 ", 32 , 24 , 768 , 17 , 547 ," 2,255,018 "," 1,334,545 ",0.591811240531118," 3,812,302 "," 162,212 "," 3,650,090.41 "," 518,654.14 ", 0.23 , 0.36 
12/23/2021,2021, 23 ,Thu," 4,851 "," 6,845 "," 119,305 ", 32 , 25 , 785 , 17 , 557 ," 2,342,212 "," 1,390,224 ",0.593551736563556," 3,979,200 "," 169,836 "," 3,809,363.67 "," 538,708.76 ", 0.23 , 0.36 
12/24/2021,2021, 24 ,Fri," 4,801 "," 6,795 "," 121,738 ", 34 , 25 , 854 , 18 , 603 ," 2,475,856 "," 1,496,432 ",0.604409949528567," 4,276,075 "," 177,136 "," 4,098,938.91 "," 569,446.88 ", 0.23 , 0.37 
12/25/2021,2021, 25 ,Sat," 4,782 "," 6,756 "," 124,724 ", 35 , 26 , 915 , 18 , 648 ," 2,628,562 "," 1,611,202 ",0.612959481267705," 4,551,052 "," 176,328 "," 4,374,724.37 "," 604,569.26 ", 0.23 , 0.38 
12/26/2021,2021, 26 ,Sun," 4,834 "," 6,843 "," 120,648 ", 36 , 25 , 889 , 18 , 628 ," 2,614,361 "," 1,590,550 ",0.608389583534944," 4,488,502 "," 191,160 "," 4,297,341.81 "," 601,303.03 ", 0.23 , 0.38 
12/27/2021,2021, 27 ,Mon," 4,815 "," 6,835 "," 118,121 ", 36 , 25 , 872 , 17 , 615 ," 2,581,185 "," 1,555,707 ",0.602710383021752," 4,390,683 "," 190,172 "," 4,200,510.96 "," 593,672.55 ", 0.23 , 0.37 
12/28/2021,2021, 28 ,Tue," 4,867 "," 6,868 "," 120,284 ", 35 , 25 , 858 , 18 , 608 ," 2,553,869 "," 1,547,421 ",0.605912441084488," 4,367,101 "," 193,188 "," 4,173,913.07 "," 587,389.87 ", 0.23 , 0.38 
12/29/2021,2021, 29 ,Wed," 4,903 "," 6,923 "," 125,083 ", 35 , 26 , 893 , 18 , 633 ," 2,646,929 "," 1,625,620 ",0.614153231915174," 4,581,339 "," 202,460 "," 4,378,878.79 "," 608,793.67 ", 0.23 , 0.38 
12/30/2021,2021, 30 ,Thu," 4,933 "," 6,980 "," 128,577 ", 35 , 26 , 902 , 18 , 638 ," 2,641,632 "," 1,648,702 ",0.624122512144008," 4,660,704 "," 210,304 "," 4,450,399.67 "," 607,575.36 ", 0.23 , 0.39 
12/31/2021,2021, 31 ,Fri," 4,897 "," 6,917 "," 118,618 ", 39 , 24 , 951 , 17 , 674 ," 2,668,806 "," 1,724,044 ",0.645998247905618," 4,873,607 "," 214,524 "," 4,659,082.97 "," 613,825.38 ", 0.23 , 0.42 
